-- phpMyAdmin SQL Dump
-- version 5.2.1
-- https://www.phpmyadmin.net/
--
-- Host: 127.0.0.1
-- Generation Time: Apr 23, 2024 at 09:42 AM
-- Server version: 10.4.32-MariaDB
-- PHP Version: 8.0.30

SET SQL_MODE = "NO_AUTO_VALUE_ON_ZERO";
START TRANSACTION;
SET time_zone = "+00:00";


/*!40101 SET @OLD_CHARACTER_SET_CLIENT=@@CHARACTER_SET_CLIENT */;
/*!40101 SET @OLD_CHARACTER_SET_RESULTS=@@CHARACTER_SET_RESULTS */;
/*!40101 SET @OLD_COLLATION_CONNECTION=@@COLLATION_CONNECTION */;
/*!40101 SET NAMES utf8mb4 */;

--
-- Database: `we bake`
--

-- --------------------------------------------------------

--
-- Table structure for table `customer`
--

CREATE TABLE `customer` (
  `Name` varchar(100) NOT NULL,
  `Password` varchar(199) NOT NULL,
  `DOB` date NOT NULL,
  `contactNo` varchar(15) NOT NULL,
  `ActiveState` varchar(15) NOT NULL DEFAULT 'Active',
  `Address` varchar(100) NOT NULL,
  `profilepic` blob NOT NULL,
  `UserName` varchar(45) NOT NULL,
  `customer_id` int(10) NOT NULL,
  `Email` varchar(45) NOT NULL
) ENGINE=InnoDB DEFAULT CHARSET=utf8mb4 COLLATE=utf8mb4_general_ci;

--
-- Dumping data for table `customer`
--

INSERT INTO `customer` (`Name`, `Password`, `DOB`, `contactNo`, `ActiveState`, `Address`, `profilepic`, `UserName`, `customer_id`, `Email`) VALUES
('Kasun', '$2y$10$lVNqOwyeanKOPOAgNhjkT.MJ1gYOujUCXIpset19lKKEAMOzrx3gW', '2024-01-23', '0702429686', 'Active', 'Gampaha', 0x2f396a2f34414151536b5a4a5267414241514141415141424141442f3277434541416f4843425555456849534568455947424553465249534742675245684553456849524742675a4752675947426b634953346c48423472487867594a6a676e4b7938784e545531476951375144737a507934304e5445424441774d4541385148424953487a51724a4373784e4445784d5451784d5445304d5445304e4451304e4445304d5451304e4451304e4451304e4451304e4451304e4451304e4455304e4445304e4451304e4451304e502f4141424549414f454134514d4249674143455145444551482f784141634141414341674d4241514141414141414141414141414141415149454177554742776a2f7841412f4541414341514945417759444267514741515542414141424167414445515153495445465156454745794a68635945796b61454849304a53736345554d334c77596f4b69737448683853513051354c4346662f4541426b4241514144415145414141414141414141414141414141414241674d4542662f4541434552415145414167494341774542415141414141414141414142416845444952497842424e42496c45792f396f4144414d424141495241784541507744314b4549534669684843416f725277675274464a474b564547535932535a6f6a41726d4b3871385934725477394d765562726c55455a716a64462b593135627a79586a76616d76695455385a536e636855516b4b41426537666d50727446715a4e76594258513668314975526f7932754e43496c784b46696f645377314956675342353232393534445363574e2b567a3641632f57327377725549444d574e33304931746c2f4b514e7874707a50306470302b69566270744a7a78506733624c4534564b644e537255564a736a6f43546333595a68714e54357a316a6758466c784e464b714332626462676c54434c47306a6b515934516c434b384c7748434b384c7748434b45427851684149725277675279776b6f514c556369476a6c67346f51674555495143524d6352674b5261536d6a37595977306346694b6973415653326f7a587a454c6233766156486c336133697a31385855593379553361696933307968375a6835734154377a56554d41374377556b48702b55376d574f7a754646536f756634517749333856685948586253656c59616769577971423754484c5078727077342f4b504e71585a79735154335a73623330504d435a36505a577134757148773762365431576d3978744d3977426f4c63394a58376176394d6a7862486347713066356c4d323041506c2f642f6e4f702b7a5373715671714667445556536c77535841755341774e726a665548796e5a346d6d72697a4b43443145383647413772474a5470766c43566c796b46726746686262586e6254724c59636e6c3755354f50786e543134474f385757463573356b72777649336b6f44684647424149344152355943684a355937514951744d676841686c684d6b49484c706a716947312f6e4c3247346f3549444355385376696a6f6a55656f6c4230794734426b70436c38496b356345524d6367304233697649356848614e6d6a4d3537747a6854553466695647345150363547444836417a6636796c786171713061685a6267726b74317a2b483934746d6b795732535048757a46484f3667473254784872704f7a6269744e4434334148556b4b76706d4f68506c4f633444776d70683855394e6a3465374c7179583147657936386a704e747858424f7a356b4b6f534e5865374f644e41445935522b73353874584a31592b574f505537627a4138616f754c68775642436b67686c424a734c6b584139357363526930526337485136446e6333734c576e46595648706c526d7666523274645842494a304e744c4c357a6238524e52734e547974343875573979636a45622f4b343935577953394e4d626c5a62597a314f5030726b41484d44624b5371762f38415669442f41474a7173466842553470536578796c4f2f73774b6b574241754471504661597548634f634b6f7a674d485a79726f787a4b516f796d772f77372b6530365467394e6b784148344756374c6252664376776e706457302f784754684d5a6c3079797556787534364d524553555536584b6a6c6a416a67494445634934414a4b495277434f454944674951674549516c687a574a6278516f376a3145733138466e4e3163534b594e31747366517a4a4c65306668457954485332456c6558516369306369643447542b4342317672462f43734e6a6558714c4330796868316b2b4d4c5775474762704b58474d49576f7575553347562f4c776b4e2b674d333863584757474f567873727964474b314b62564e44554e5262574179693646514f743954667a6d3646444e6f52655a2b31334246536d6c5a53664256577967444b716b48543075466d737156716a554b71302f3532554561363543316d493837587437546c797873397533444f5a57324d57505246594b5756514265376e63333245757345536b70616f42653274726a586261636c6871503852554b56413656467462766d56466346674156314e78724f6971396e324e4e63372b4651543436695a51474639506c4938656c2f50532f686d5167637a79736444366335734d456f4e51483871452b6c7a5966764f46346374553145464e47536b6c59444f58425230585679756d3168613837446747497a76586366434f375166366d2f3841304a4f47503952546d79316a57374d526b6f6a4f6c784647496f7841596a69455967534549434542694f4b4f4151684357424345494842756a712b6a6b44794a6c33443148302b384f34686931385139493642326d6148546f3573505354537344707a6e4e63613468696154714b56504f685833426c33675456487068367935584a327665776e5239566d4579327035663170764c784746346a4d576a4f74626c4a39394b5348785332466b5332744e534a43715a4e6172534b704d775544586b4e5a614b585456396f384f316243566b5834776f64664d6f51317665784876504e635078466b5131416461616e5451466b4d394e3470554c4977573455574a36734164622b56727a7a626a76434770737a557864487553747643334f343648793579764a6831746244507655624c682b4b703136594c4b43626171344768484f546f6d6b542f376442356b746130347644596f306a5a737731334b333036366335735737536856437168625331776847764c392f724d76437a30366365627274754f5063534371744f6d5143787362624b6c6a66394a30665a6a426d6c683144667a484a71507938546376594144326e44384c7772753950455652594669455533322f4d666c7036586e7057482b45656b6a44586c5a50786c7932326276367a78474f526d374152694b4d51474978454978416b4951454a595368464841495168416349516763773347426d79745339394a4e636654502f774166306c5446552f4549556c744b496235777873567461334f4f6b2b74695266704f5837543857784f485a44527035304b362b526d7337496351784e584573395247794d4f64774650764f7648677976483562363079764a4a6c70337461715177457a55327645314948586e4a4b7470793637624a306c3855756754485270383544476f785779746c4a3537794d593074576c496d753468696e377a446f67736c536f79736559526164522f71794b50655a61644b77417a452b5a334d4b6a68446d5945716f4a3046794e4e774f664f617a466c6c6b79354a71612b47553571624334476d76546b5a747350575230577054634f6a674d72495179737032494933457234366e5a6c6362455a5436376a39356647393655763841726b4d5677594931794c6f534c477730386d6b32345053746649427a754142662b377a6f735657524b6250565a567067654931434651447a4a6e4870782f445661686f3063556f422b46717431414672334250785748496b485457307735654337336933342b61576179576546595876613164623270556b6f556b2f4c332b726e364d672f774130366a4467685144754e4436796a6955544434635a50675236627378334e33425a79656539357561744b396e5838514239664f54654c786b763670396e6c6247474b4f4b514345556343516a45694a4b4178484549784c42694f495277434549344243454948493478786348796b556156613954525036524a5558326d59364372535a6774674c57357834616b454f6c67664954543861346a69615a7072517035315a645465316a4c585a786135526e784941646d4a41463942796e544d4c4d4a6257652f363036415247416d524b664d7a475461367948384941332f414569564f5a6b6b585354416c354e49743269456b4d514e4c394a6d6d4447443774376267452f4c575445504e4f7a6645366c50696461686771645372674b74576f477574714e4771474a643059374c766671625742307636586a5165376577755647594461354774707a583264476b4d49794953616c4f725653726d41444c557a6c72447174694c48313942316847386e6571504c4f3358444b6c656b745931474455546e58497855552b7046764c533531453839512b45413732514646495657594f7749716d34737775646556785062654c46557075582b414267313972574d3850526646554869464d334c7170464f784263494143336a33556e5472367a6f6c327965743850774c717458427353634e56706c71524676756a706d5254794774774f566a4f76344f786244555333785a454239514c47615073786a525877644370634667696f325673774652526c59583976724e2f776f666455775262773274306d664a64786247615a4b744548316c4a6751624865624e706a72557377382b55777361537464654d5247416c466b70494752455967536a456a48416c486559326344637948667231487a6b37537358684b2f3841454c31487a6a47495871506e4730615a3454422f454c31487a6849326161747546306a6277375353634e706a5a5a655533355449456a5347454a73414e704a556d5943426c686c6f4a7a6c684249415774306b316c35464e7369644a4b33306b566b7a43534d69526653534d536d3844697546634b624359757055707378537255714230734d6f4247594d764f3931612f7744557654587441626934324f76744b4f4b5168797746375a536474564e775437477839705a77357434655238532f754a4e52484e39756d4b59577556544d3152416972596e4f374d454332477076636254786a424e5a55736445384b47394e47576f436a466e47704b366d78507a30496e7448326934635077367665396b4e4a79514c6b4b4b695a69427a307650473649497462526e584b682b37706f314b7a6f32666f7874625533333375444e2b4f37785a35547433503261596f68735452754d67793142346b62377765476f77742b45356b7354387a61656c634d4a3773583375772f31476552665a2f5741787741765a364e5646444d6849706831594132414f613462323174616575384f2b442f4d2f7744754d72794c596d2b4650656d72336a574b4b68516d36417178496452794a7a4548725a656b7343546d49544664557869574962722b737241792f696c756838745a72784d3870327445684a4351456b4a43795634586968413066615375793037716247346d74716f2b576e616f6274616237696d41373163706c4e2b484779432f775343372f485059743352694135306d426358554a58786d78494536484538477a6b6b6e55796d335a732b487848776b483552306a745a3768767a6d4f585034566f523064743442486141696b6f45495379615667424c53624b6d67756f39494a4a495957316d6970695a415a6a456d4952446b464f70485857444e596a7a306b6168735165682b6b4a4e3031763157307255686f55357162723666332b7375744b74595a57442b78394967785971696d496f564b5a2b43716a307944797a4171666c5042486f6c48714a55577a4b78373556703031377342775075376e54347468626b4e525065634f636a6c5077314c6c664a762b782b6b38643762344c756364694c706c526e61736a436d4744314b6971355669546132624e31746336473830343771324b5a4b335a764539336a634c55592f6a7035726432426b64653753317466786e4d50516e5554323368684f5133334431422f714d384255736a676862564b6267327955514678475a7371362f6773766f443747653963457242366563624d7a6b656d59796554306a48324f4d3854576a3343452b5045566b6f72386d592f526265346c3661726a4f436f31616c42716f502f414b647a575535796972555654596d7831363232306d77773964585258526756504d544a6f6b32747831306d736d304531626e7848315036796d5359596b68494179516c466b6848454934534969736363434757504c4a434f42444c435a49514749474b4d7768457936446653557064416c385661446353534e654e5449466370754e756375686b416b68496946344750452f4354303148714e59565464626a6d4c79623249496c50424139327173535370644c6e63685749422b514543386875742f4c367a4457714b464c4e38506f542b6b6c686d30493648395a494342706139594d4c55727555495067746466646942395a7933326750533776505577596646596c44536f756f7a7454564c7363784778476469414e2f6165677573347637534d45487752596d336331616235724d63694d636a6d7731734d3450744a787663526c4f6e6c444a6341494c67357161453030486545675a77784a334163574f74744e7037563246716873465259456b5a5731617759325a6871427a6e696149546536574c4b755a52545a696c494b683731626e636745394e547344703631396d565974673870467537643148685663794542673168317566634761386e2f4143706a376444784f6f463370357964377346796f644364642b637834586961674974566b526e49706f43362f657541535376573449734e394e70734b394657746d5548636167485137696372323877744c2b4461706b58764b543044545943787073617143363232306c4f50435a35535839756c37645331316d6561706d385465702f57624970756565747035676e62624a554b5655494f597165646944597a484a506c4a37642b444a715a7238426a4255514f4f59764c695049585a675a495447444a41774a52784345714847496f516b37776968416c455449436f4c326a76416b753439524c696d55314f6f6c316c30457669706b6c61535578434d4358516b4243304c7a4561774f674e2f5458394a416d39674354306c62444e644c6a596b6e357a46784b746c707341624d77734c36617834426255715936496f2b6b6e58517a5547732f7150306d566a346a37483976326c596d7842387839644a597162716655652b342f51774a586d6e3471715636574c6f46436249794545454b325a4356735162372b68306d3255794656655967664f46675646794c57444638726b6f325273744d333031792f384164675a3664396c4e617778644d6a4b34656e555a4d68515532664f7555416d397249767a74357a672b304f4646444634696a594875366a65466a555065687958513663776a727a47334f35453662374b635142694b394d5749616b72357748475a6c5a6271622f6c7a323048506d434a766c3369705062315a6a724e626a73476c64445371726d706c6b4a415a6c4f5a4744727144666343586e4d7249446d493548704d5a624f3474567847754a3542786a684b747857734c577068382f6c64674750314a6e726f4f6d7338363755306e584756473147624b564e7447554b424c3858483535616c632f796561634f4d7973334e74316b7930774530734a69774b564c334c382f5361584263575965477038357538486a554f7563414471514a6e796357574631576e427a3463324f3861336c4e744a6d56707858482b327450443555704b4b74513375417856557462634158503032336d743456322b714e56547630515557306249724271647a6f62356a63446e4d2f477439783653444a5444546345416767676745454734494f78426d554756536c4643454a4549516756784d6761466f3751674235737144356b487939784e626162476b7556514a62465770616a384a507948367845762f685831753330302f574341736439424a35637576384132536657614951464e2f7856422f6c514c2b704d6761344677723532483451796b6a3247306b36466d467a345271522b593867664c6e3753564b677158797142636b6e7154356d4253784f424e634c336c30796b6b42434c693474726f6279547161644d416d345541582b6b3245786c4c36482b7849324b6c512b416a6e62367a4d74554e545676512f38415037795977713950715a565a414c7175693669317a4a6e614c30797455413579625641526f5a727359747164516a6349316a304e74357a747964324a5939535a6c7a636b343954546268347279627533462f61505171662f414e47394e5759765470736e646c6961645146564c3255456a52414f57312f777931324a345a5777745534696f6f566537656d4b65637357596c4c7565533379445466306e566f6d6e507a314e704d722f77434a6c6c38724b7a556d6d2b5078635a6432375a4b6d4e7250715779722b576e64667275596c787a70384c456b666d47662f414c67445966325a6965366e5543333754487a7a743374766a686a72576f7a554f4f56574e764259485736734741313558394a7275503841614c434e547155712b4943315559464d694233513276596a5141472b31376d6241305663575a41773558414d357a69765a4c437578497046484e7a6d704d79616e6e6c2b456e326d76487933444b5732732b66342b484a68635a6a4f334734766a4b4852565a2f4d33707038766950306c4374784b6f34735879702b576e34463937616e334d3358462b786c536772314b64554f6c4e54555a58584b7770727178424768734f56684f59426e583974354f393765646a386648672f6e47615a5674796d514759415a4e54413637736c3274624445557174337735504c5671586d765665712b34364831584334684852616c4e77794f4c71796d34496e7a38444f6b37483858784e4b726b77394e71714d515870414572722b4b2b794854346a70316c6373643972544c5432533863676a5356356d304f455634514542474667315a46356959587876355265573070746e7953366e6955656b30543133626e62306c7a686549796b6f78334e786672306b78467263714d6f69666c426a7043704c686752784b5947514349376a35536470453769417962432f54575562586c7645745a54353653734a6647644b354d474b53394f6f4f714f50394a6e4c49683050704f7749764f657775464a41356b6148794930744f66354f4679733036766a5a7a475861766c306752622f784e6d3242594c65326e312b557143334a7442706f62324f6d68364857632f3132653354396b767067436e326d4c55337636644a64613175557231774f66306a783657787937596868426373724f724838745277506c65307159764669696a314b31624b71676b5a7767596b62416165492b57356d70375164704b57484a7070547a316375592f4145516e594d6454666e622f6d6563592f46505664716c52797a6e6d646c48525273423554544469743776706c79383878366e64644e782f74432b4b616e6873497a6b56465a616749524f2b766c49485549414466555876747444686e5965705570314871315254644379685679745a68746d42314e39445957304d6e396e2b4752752b59726246307974536d374377464d697841484d5876653335684f34464c506d724b32576f4c426b5a6a346a2b567a7a485275587a457463764872464747457a6e6c6c2b754e48594d6677797638417850333766687372557731745649746d333835722b45396a635856636f797054436b58646e424248565174797739625430576f55384c49766b796e596e6f33516a722b30745965705a79334b32554165782f61526a6e6c74586c7734355038414b302f4375774f4770324e566d724f4c614e39335476384130727166636d645868384b694945706f71494e6c5251716a3245676d4b4579725858724c323275615848385337755a47326b52554857504e437a485a6f544a654f514e636c4d544a614d514d305a6f77695a674e5362657370312b4a6f6e4f35387041337545782b6d577036427638416e2f6d624d4f4741494f6e556169634256346f3766434c44367859617536746d5632422f77735265544d68364647706d6d3456784233553537456a6e617850796d7953734a62324d377751534f59486e4a41774b324c75536741366e2b2f724d536b3374625461575754785a75576b436d6e316c70656b574d4c4b6450654648446a7062556e5454556d352b7379502b483174394a6c51534c5352466b306e6a33326a4a5577754f70346a4431436a317157557168635a325175437841384c57444a6f6567304976505a534a35643972694450676a664b353739512b5a6c4344377539386f4a4e394a4f48644d7270742b7a374e58772b4864337a6c71644e6e624b71334c6f474a7342707666326d78346832645845556d706971394e767a55327366516a6d506c4f4a345678366a6765486750565673585756636c454d537965426161427258794c5a51787662346a626b4a366e68577a4972666d5654387865547959347939457979313361387178483263696b364772695361547351653670327141636a3469522b73364841646e2b485963426c51753473637a493952372b5761797237576e57385670676f504a682b346d6e4e4d544c4c4b796b6a54505451314255703032537a5a7378414a5957494b73427344667a326c6d6f437a35687a46744e41563647586d7053535537544854656332556d6d7458436d392f6f4a6e57695a73416b655753787537643152434e4a693874355969736c476c634f59785650575a4757524e4f4451373975734a484c434e6e6177493268435853302f46646a4e4973495350305a306c796c4843534f67344a733032716269454a706a36516b32786c6762434549446a6843516c694f772f714836544d73495252497a7a6e375776354e4831662f41485534516c7350614d765478476c2f4d66384172503841756e314e676667542b6850396f684356577063532f6c6e3158395a706843457a7a396f674d6b7349536955784643456b426968434243426843454977684351502f396b3d, 'Kasun', 1, 'anuda@gmail.com'),
('Ruwan', '', '0000-00-00', '0782695545', 'Guest', 'F 109', '', 'GC00002', 2, 'Ruwan@gmail.com');

-- --------------------------------------------------------

--
-- Table structure for table `deliverycharges`
--

CREATE TABLE `deliverycharges` (
  `charge_id` int(11) NOT NULL,
  `city` varchar(40) NOT NULL,
  `cap_10` int(11) NOT NULL,
  `cap_80` int(11) NOT NULL,
  `cap_300` int(11) NOT NULL,
  `cap_1000` int(11) NOT NULL
) ENGINE=InnoDB DEFAULT CHARSET=utf8mb4 COLLATE=utf8mb4_general_ci;

--
-- Dumping data for table `deliverycharges`
--

INSERT INTO `deliverycharges` (`charge_id`, `city`, `cap_10`, `cap_80`, `cap_300`, `cap_1000`) VALUES
(1, 'Dehiwala', 100, 250, 350, 800),
(2, 'Nugegoda', 100, 250, 370, 850),
(3, 'Rajagiriya', 100, 250, 370, 850),
(4, 'Battaramulla', 100, 250, 370, 850),
(5, 'Kotte', 100, 250, 350, 800),
(6, 'Malabe', 150, 250, 370, 900),
(7, 'Kohuwala', 100, 250, 370, 850),
(8, 'Pamankada', 100, 250, 370, 850),
(9, 'Wellawatte', 100, 250, 370, 850),
(10, 'Bambalapitiya', 100, 250, 370, 850),
(11, 'Kirulapone', 100, 250, 370, 800),
(12, 'Kolonnawa', 100, 250, 370, 850),
(13, 'Ethul Kotte', 100, 250, 350, 800),
(14, 'Maharagama', 100, 250, 370, 800),
(15, 'Nawala', 100, 250, 370, 850);

-- --------------------------------------------------------

--
-- Table structure for table `deliveryvehicles`
--

CREATE TABLE `deliveryvehicles` (
  `registrationnumber` varchar(13) NOT NULL,
  `type` varchar(10) NOT NULL,
  `capacity` int(20) NOT NULL,
  `availability` tinyint(1) NOT NULL DEFAULT 1,
  `vehicleno` int(11) NOT NULL,
  `chassinumber` varchar(20) NOT NULL,
  `enginenumber` varchar(20) NOT NULL,
  `modelname` varchar(20) NOT NULL,
  `ActiveState` int(5) NOT NULL DEFAULT 1
) ENGINE=InnoDB DEFAULT CHARSET=utf8mb4 COLLATE=utf8mb4_general_ci;

--
-- Dumping data for table `deliveryvehicles`
--

INSERT INTO `deliveryvehicles` (`registrationnumber`, `type`, `capacity`, `availability`, `vehicleno`, `chassinumber`, `enginenumber`, `modelname`, `ActiveState`) VALUES
('CAR-33434', 'CAB', 5, 1, 12, '1233123123', '1231231', 'Dolphin', 1),
('LC-6464', 'Truck', 18, 1, 13, '1233123123', '324234', '2342342', 1),
('CAD-1234', 'Bus', 6, 1, 14, '12323112', '21234321', '21312343', 1),
('LD-6464', 'CAB', 12, 1, 21, '1233123133', '11111111111111111122', 'DolphinVAN', 1);

-- --------------------------------------------------------

--
-- Table structure for table `inquiries`
--

CREATE TABLE `inquiries` (
  `comment` varchar(255) NOT NULL,
  `inquiryid` int(10) NOT NULL,
  `placeby` varchar(40) NOT NULL,
  `address` varchar(90) NOT NULL,
  `inquirysubject` varchar(50) NOT NULL,
  `inquirytext` varchar(500) NOT NULL
) ENGINE=InnoDB DEFAULT CHARSET=utf8mb4 COLLATE=utf8mb4_general_ci;

--
-- Dumping data for table `inquiries`
--

INSERT INTO `inquiries` (`comment`, `inquiryid`, `placeby`, `address`, `inquirysubject`, `inquirytext`) VALUES
('', 1, 'ruwan', 'F 109', 'Suggestion', 'qsdwsd sdsadfsdf');

-- --------------------------------------------------------

--
-- Table structure for table `outlet`
--

CREATE TABLE `outlet` (
  `DOS` date NOT NULL,
  `contactNo` int(14) NOT NULL,
  `ActiveState` tinyint(1) NOT NULL DEFAULT 1,
  `Address` varchar(100) NOT NULL,
  `Email` varchar(100) NOT NULL,
  `Manager` varchar(100) NOT NULL,
  `District` varchar(45) NOT NULL,
  `OutletCode` varchar(45) NOT NULL,
  `OutletId` int(20) NOT NULL
) ENGINE=InnoDB DEFAULT CHARSET=utf8mb4 COLLATE=utf8mb4_general_ci;

--
-- Dumping data for table `outlet`
--

INSERT INTO `outlet` (`DOS`, `contactNo`, `ActiveState`, `Address`, `Email`, `Manager`, `District`, `OutletCode`, `OutletId`) VALUES
('2024-01-28', 783478374, 1, 'F 109', 'anudttanayake@gmail.com', 'OM00124', 'Kotte', 'KT00006', 4),
('2024-02-02', 782695545, 1, 'F 109', 'anudaattanayake@gmail.com', 'OM00122', 'Dehiwala', 'DH00005', 5),
('2024-04-18', 112695345, 1, 'Wellawatta', 'webakewel@gamil.com', 'OM00125', 'Wellawatte', 'WL00006', 7);

-- --------------------------------------------------------

--
-- Table structure for table `paymentproofs`
--

CREATE TABLE `paymentproofs` (
  `orderid` varchar(20) NOT NULL,
  `Type` varchar(20) NOT NULL,
  `proofdocument` blob NOT NULL,
  `docid` int(11) NOT NULL
) ENGINE=InnoDB DEFAULT CHARSET=utf8mb4 COLLATE=utf8mb4_general_ci;

--
-- Dumping data for table `paymentproofs`
--

INSERT INTO `paymentproofs` (`orderid`, `Type`, `proofdocument`, `docid`) VALUES
('28', 'advanced', 0x2f396a2f34414151536b5a4a5267414241514141415141424141442f3277434541416f484342555346524953464249534742495947686f594752675a46686f5947424959484267644752676347426b634943346c4842347248786f594a6a676e4b7938784e545531484351375144737a507934304e5445424441774d4541385048524152476a4d724953452f50443830507a6778507a4532507a452f504430344d54452f4d5541394d55412f4e6a3831507a45394d5438304e4445784d5451304e546f30506a302f4d5438344d662f4141424549414f454134514d4249674143455145444551482f784141624141414341674d424141414141414141414141414141414142514d4541514947422f2f45414549514141454441514d464451594642414944415141414141454141674d524242496845785178555a4946496a4e42556c4e556370475473644853426a4a4359574c6942794e78676145564a454e6b46686579385046452f385141466745424151454141414141414141414141414141414141414149442f38514147524542415145424151454141414141414141414141414141414552416849442f396f4144414d424141495241784541507744325a43454942614f654174695653686548756330674541562f6c42597a68757447634e316f7a566e4962324c47624d35446577494d357733576a4f4736316a4e57636876596a4e6d63687659454763346272526e446461786d7a4f513373434d325a79473967515a7a68757447634e317247624d35446577497a5a6e49623242426e4f4736305a773357735a717a6b4e37455a717a6b4e37454763346272526e446461786d7a4f513373434d315a79473969444f634e316f7a687574597a5a6e4962324247624d35446577494d357733576a4f4736316a4e57636876596a4e5763687659677a6e4464614d346272574d315a794739694d325a79473967515a7a687574416e4774597a5a6e496232425a466d5a7957396943527271725a5572504a766e743467534664514345495143454951434549516176304a665965466631523470672f516c396834562f5648696759726d6f50614a386a497049374f31776e4a4d4636554e767868706535306c573159614e776141373368576d4e4f6d584a4e62596e746348574f676538764979656c344a46612f445770726f472b4e644a51525365334441313768424953496d53786938327331356a5876614e5259317a53654967314768535733327862454c53544358434a77594b534e4639356342644a645272584545754171634164436d6c665a6e42707a4975443231344d413474454a61576e454737526c4d4d4b6351776e66615941324a3573784e584f64533643593544526a6952724c58484855666d6772753972476d51524d6a4c692f4a694a356347736c7678682b47465264446f36346148564767715a6e744a65733772573243567a41397247744876766f384d6b4961616536362b4b664663773068617779325272444979796a386837585857736158527544626c3567427875734a474846674b71574f33514d5a645a5a354d6d7835645273524944373566566f476b6c354c716a6a4e5545455874664335396d5941434a792b6a673970416131373252754130756138734e43422b7172512b3272587359385153564c4a4876463576356478686b6a4250486c474e4c6d2f4947717654513253494d41737a433177615263593033626a377a51427858584f63634f4f764756694a316b65626773727155756d394157744457736577413368694c6f65304156774b4270755262485477736c63774d4c6857364334304663506561303170386c66534b78626f77784e4563634d72474e46626f6a642b57434c78722b6c54674b36464e4a757930426844486b50626570536a68694147335438572b4748454d546767626f536c2b376b516148306b4c6439694745674670757547476b3144686879543871795137714d63344d4c5a476b316f584d49626751427674465354674e4a514d6b495167317169715162735768375a514135346f496a4742576b684d3132514566465274333941346e35706648625a435741794f4448584d73616d6b546a6c6277766642766778744f4955317162314a6362632f4332627272317833746e376148633653474d515a544b4e6336742b3764756b436d67313070687556615875665a723733586e514f4c6d6b307151356c48467573676c63582b4b4c576d33626e427761576c6b6a5348526d567071356f46364d45463471526744382b4a564c7250766a7a637458747950784e4e6f7445466e7a53376c58686c374b567531424e6158636443394a586938646d66426139796f585257614d433176633077746445483731735a4c6f58373970724764396f63434b4c3268456c646b345354724878544e4c4c4a776b6e5850696d61444b45495143454951434549516176304a665965466631523470672f516c396834562f564869675a4a4c5a426161456d61423951366c4f5676714155476870752f726a6f706936584d57653032554630745a4756424a71435774463577493045416b314e4e4f4f736f4c516b74565731665a76656f5258534c34476a6c5544734b3661717861577a4637626a3274626865414c635466466343306d74305530343134714a65327a575a6a5449533972622f474c324f554f416f306e467a47396a654e445a4c4c37375879477272786f327430355150333239714265623256507a5162686c7146615457634f4c5269534b6b6c6a673132444d64396450374869774d3868744e5a4c6b734e7730756c3144634a41314445593456303156474d32514e6a416b6c754e44474d4e7a6537317861304133644e372f7848373757653057554e6377337730766151434d5359726f615733426f4631702f63617745462b526c7075486652746541343162514e472b4633336764446278715253744d466873746f494944724e58453372784e476a6949412f54482b4652624c5a4932505a6c4a43303171346c7a685672473144535251595863426857767a5757757372484542306863577562514e72373757756f4147346d36476a5678464130734d6b7763524b5969323643484e4e4358566f515232477574314f4a57784d3059586d317254534e4e61647463467a387562737553566c496543515130623041737656426268766d52696d6d72757953474f7a797565384f6655472b6168754963524c554337576d39614e64476a395344396842414c615854694b6144586a77577846556a737537566c6a6a6147794f4d6257317658485974725338614e4878476d6a537254393234476d6866536d424e31314161423143616169442b3431684130516c5464323453344d4c6e42786464414c53446f72585267504e5962753741627448504e3467436a48476c51434b345961654e41304c6638413355745377593444485468702f56534951615863613456586c33346d7a434f33376d764c6d74445753467a6e4f65304e6265614847394876776145307538644f4b713955586c58346f4d76323763316c792f655a494c755479742b726d345a4d45582f30714e664567357a637a4e5462397a5832584b4739614e2b365a7a7a61484f4164647631717935536c30744a4f4a76554958764338526a73545964304e793268734448355946375937506b62686f614e653850633137766b3037336a58747942585a4f456b363538557a537979634a4a317a34706d677968434541684345416843454772394358324868583955654b5950304a66596546663152346f4c373341416b364269557669335773376d336d764630744c76644f67586954536e307537457763304545485163436c7a64784947746177523061304541427a7442446751636352527a744b446530322b4a684458416c314138414d6336745468646f4d585634744b74576437487461396842613441676a51344559487356656263794a344163306d6a51304738344f4142714b4f4272583536564979777361413174357251414131726e414e41464141416345466d344e5137466f4957696c476a43744d4268553150383471504e4736333762764e47614e31763233656143523054534b4672534e52414937467464476d673746446d6a64623974336d6a4e4736333762764e4250543549756a554f78515a6f33572f6264356f7a5275742b32377a5154335271433179626364364d666b4d64486b4f78525a6f33572f6264356f7a5275742b32377a5153474d45673352556144515646644e4374376f3144735547614e3176323365614d3062726674753830466c4330593267417877316d70375675674635503841697139726264756358766d6a5a6366656644777241584e46575578726a544447684e4b36463677764c7678486d637a644863783757336e4e5a4c52743573656b687049653765746341535154685542416a696c4c72667557322b584e45774c532b65655762664e50434d6e44537a69304e6f54584842653272784b7a4574746535455a644c4947326c7a684c4e4e464e4b36383043344447393131677531784f4a6356376167563254684a4f7566464d3073736e435364632b4b5a6f4d6f5168414951684149516842712f516c396834562f5648696d44394358324868583955654b426b71326178366874487a566c493337755742704c58576d7968774a424265774545476842783031514d38316a314461506d6a4e593951326a3570582f58397a2b6c5754764765615036397566306d796262504e41307a5750554e6f2b614d316a314461506d6c66384158747a2b6b3254625a3572482f494e7a2b6c5754625a356f47756178366874487a526d73656f62523830712f722b352f53724a7473383066312f632f70566b3232656142726d73656f625238305a7248714730664e4b2f362f756630717964347a7a522f58397a2b6c57547647656142706d73656f625238305a7248714730664e4b2f362f756630717964347a7a516433397a2b6c57547647656142706d73656f625238305a7248714730664e4b68752f7565662f7742566b323265617a2f58397a2b6c5754764765614230786f414147676146756b726661617769674673736f47724b4d3831742f77416e7358544c4e336a664e4134586c2f346973447430747a415932504679593358336270706943362f685270416451344736753450745059756d576276576561346a32396868747a3750505a7430724779614e723230664e64615750706549633045673455705445456f45466a696d4671334a64614d692b305a793572703433526b50626359396a485a4d4145744472774a466150415874793854396d765a3256747173626e626f626e794e5a4d4a41786c7065397a6a64756d343073414c7272576a546f6146375967563254684a4f7566464d3073736e435364632b4b5a6f4d6f5168414951684149516842712f516c396834562f5648696d44394358324868583955654b426b764c397976596d5a2b576e624e5a69793053766d445a496e4f64476371584336344f474e4b69744f4f76454636677564334469595949795a33744f2b77456c414e2b3769346b48445776384d4a704a58754e72733463386c3541686651596748342f2f707174662b704a756d5164793731723059777376675a784a533666386f3551556d515a306d5476516738315034527a644c67376c33725461543245745472396252593676613570497337775148335161484b63515977447172744d677a704d6e656847515a306d54765167346b2b774e704e623170737a717563342f6b79433965427148556b78707848692f6372456634663268676f326579596d385359486b6c7859497965457742594b55305678586235426e535a4f39434d677a704d6e6568423531612f77746e6c65353574566e42645374495863514172372b6b30716f76384171536270634863753961394b79444f6b796436455a426e535a4f3943447a582f414b6b6d365842334c76577247347634647a5269527a62525a33423935687245344558584f6267623269754a4848646271586f57515a306d547651713235385443773174456733386e2b5563747944683931507736744574485357757a3144695152432b7076754742332b4e4e364271415774682f43363051794d6c6261374d584d646541644138744a6f5276686678474b372b30517341464c524a377a66386f3551556d515a306d54765167347365774e6f44626a5a374b31744b47374538453731375136742b6c3738787872543457366b6d6b2f43655a72535461344b4e46654266784472723033494d36544a336f556470685947504974456e756e2f4b4e53447a36792f685a61496e746b5a624951357461666c50476c7061666a3145706c4c3743326c31526c374a634970634d4c793333533276763854584f614e5170706f757a79444f6b796436455a426e535a4f3943447a2b79657762374861724c6133547875614a3237787248413165484d39347530566458517655317a32366b62526b433256376a6c3473432b385066314c6f55437579634a4a317a34706d6c6c6b345354726e78544e426c43454942434549424345494e5836457673504376366f385577666f532b77384b2f716a78514d6b6833426c63494977494a48436a7438444851373532697277552b535063434f5132654969526f4648554679744e38654f3867736d5a32554839764a3768777246796d2f57703875376f3076624636314559704c342f4d6257366638414839546671552b536c353176642f6367317937756a5339735872526c3364476c3759765774736c4c7a7265372b3547536c353176642f6367317937756a5339735872526c3364476c3759765774736c4c7a7265372b3547536c353176642f6367317937756a5339735872526c3364476c3759765774736c4c7a7265372b3547536c353176642f6367317937756a5339735872565463365a31772f32386833386e48487a6a767256334a53383633752f75565063364f533461534e472f6b2f782f5737366b456c6f6d645166323867337a654f4c6c4436314e6c3364476c375976576f3752464a51566c62377a6638663144366c4e6b70656462336633494e6375376f3076624636314261356e58482f32386733703434745858566e4a53383633752f75554671696c7550724b326c302f342f6c316b45755864306158746939614d75376f307662463631746b70656462336633497955764f743776376b43766469516b51417850614d76466953796e762f53346c506b69335a59384343383972686c34734179373865757054314172736e435364632b4b5a705a5a4f456b363538557a515a516843415168434151684344562b684c374477722b7150464d4836457673504376366f3855444a6339754759736848654472322b7276583874326f555851704c375075666d38563172534b4f3075492b4e337951624577337867366c772f432f6c4e2b536d2f49354c746d54795568632f4b44654d726350786e6c4e2b6c5458354f517a62507051566177616e624d6e6b69734770327a4a354b31666b35444e732b6c462b546b4d327a36554657734770327a4a354972427164737965537458354f517a62507052666b35444e732b6c425672427164737965534b77616e624d6e6b72562b546b4d327a365558354f517a62507051566177616e624c2f4a56747a7a44634e513733355068667933664a4d37386e495a746e30716e756135397831477450356b6e786e6e48664a427061444451556137336d2f432f6c44354b5773477032792f79556c70652b6771786e764e2b4d386f66537072306e495a74487951566177616e624d6e6b6f725559626a36423162702b462b72394666767963686d3266536f62573939795372476536666a4f72716f493677616e624c2f4a46594e54746d54795671394a79476252386b58704f517a61506b675462716d502b33756831374c78615138664639574336464a64326e4f4967764e61426e454f6831666a2f524f6b437579634a4a317a34706d6c6c6b345354726e78544e426c43454942434549424345494e5836457673504376366f385577666f532b77384b2f716a78514d6c7a3234634e59497a6e44322b3976515755472b64674b7471756853486345747a654f734c6e476a73627254586675316c424f59642b426e556e754847387a6c4436564c6b50397154616a394b314a626648354476644f46316e4b6238314e56765233624c504e42486b50397154616a394b4d682f745362556670556c57394864737338305662306432797a7a515235442f4147704e7150306f79482b314a74522b6c535662306432797a7a5256765233624c504e42486b50397154616a394b4d682f745362556670556c57394864737338305662306432797a7a51615a442f616b326d656c56647a34617350397a494e2f4a787838743330713756765233624c504e56647a69323466794848667966437a6c752b61446165476748393149643833346f2b555070556d512f32704e71503072466f4c6144386877337a66685a796838314c56765233624c504e42486b50397154616a394b6a744d4738662f645348656e433948713671735662306432797a7a5556714c626a2f414d6833756e3457617631515a79482b314a74522b6c47512f77427154616a394b6b71336f37746c6e6d6972656a7532576561425a757246544e7a6c33752f506933704c4350652b5142585170447575573067704557666e78596c72523866794b664946646b345354726e78544e4c4c4a776b6e5850696d61444b45495143454951434549516176304a665965466631523470672f516c396834562f564869675a4a427545795932654f362b4d4e33314157456b432b37536234716e3635474e30472b705a625741484f3978307257687437656b4e4c322b395774414e614230593537342f4d69726450384169646f764436314e6b72527a73586475396135387932656863327a32787a6732744d704c6870706a66304567596a5743725472504343384347304736322f5554533354765136674e2f45304a3059594947325374484f78643237316f79566f35324c75336574632f464a436141326531676b306f325759304634744a4a4c6868675455613236315973544c4f3974357a4a6d4776484c4d516131705168324f41514f4d6c614f646937743372526b72527a7358647539616f5a745a4f564a33732f71526d316b35556e657a2b70426679566f35324c75336574475374484f786432373171686d316b35556e657a2b70476257546c53643750366b462f4a576a6e59753764363156334f6a6e756d6b6b5146392f2b4e326e4b4f723861697a6179637154765a2f5574573253786a515a422b6b6b2f4869666951584c52485051566b693935762b4a334b483171584a576a6e597537643630767a5779456758704b6b674438326654786645724d6d347351424c577945304e426c356354786647676e79566f35324c753365745257714f65342b736b564c702f78753164644b7636613845316763634d4b57695866476a6672777876596364426f554e75335063496e754d636a51493543585a6555754647566161583936623346696736444a576a6e5975376436305a4b30633746336276576c325a57506c5339396150556a4d72487970652b744871514737444a51494c37324f626c347347734c54373273754b66726c62625a6f47757335694c792f4c7865394a4b3465396a67397847697136704172736e435364632b4b5a705a5a4f456b363538557a515a516843415168434151684344562b684c374477722b7150464d4836457673504376366f385544465638704a7a5464763756594a53374c4e36562f4d666b67735a53546d323766326f796b6e4e74322f7456664b7436562f4c504a47566230722b57655343786c4a4f6262742f616a4b53633233622b315638713370583873386b5a56765376355a35494c4f556b3570753339714d704a7a5464763756577972656c66797a79526c57394b2f6c6e6b67733553546d6d3766326f796b6e4e4e322f7456624b7436562f4c504a47566230722b576553437a6c4a4f6162742f616a4b53633033622b315673713370583873386c4f794a7841496e6551635151474545664c656f4d6953536f7247326e48763948384c533257567a7930746b63796c644749646944694b2f4c2b53743867366f2f4e662b6c316d50793931576b436b376d7675427563793368663378303063344f474150776755482f6f5332324f61497077323158367876336a6a6a775a66685531426f357078346b32744e7463317a6d746865344e46616730727244634d5478616450616c4e766530736d4f614f5954484953386874576e4a6a3371635a7254536664515038704a7a54647637555a53546d6d37663272584a75353933597a306f7962756664324d394b42647579393545463567614d34697844712f48716f6e695262737349466e724935333978466751336c2f494a3667563254684a4f7566464d3073736e435364632b4b5a6f4d6f5168414951684149516842712f516c396834562f5648696d44394358324868583955654b433750376a763050676c64706c6d4249592b41414e5951486e39532b39783467476830646961542b34373944344a4a626f323367374e4853506f3033775451373137514451614255676a552b754b4335424a506663485a423064634c726a6661326d676a5154564d476142576c654f6d744958325672484d49736a6a637962577559397849614132684f4172644c6a724e4154386c65733974494c6d477a797475336a576c5775787267373531514d36496f674c4b444645555755494d5552525a516778525574782b4168366a6642586c533348344348714e38454631563753787a6852727272716731774f41494a47493478554b77714f366c74466e6a4d68613577764d62526f715358766177667456774a2b514b4371794731436879724472615232414f44526a724e5032433033517330355a615733327659356b6761304142774a473941313859785047466f37326e73356135374358585378744b5852575278617a664f6f30566f5470305531685a2f77435532593648754946616b4d65513268476b306f4b31625458654344624f3264426e376c6e6d6a4f3264426e376c6e6d7452375657586e4478566f3178755646642f51623339316958326d7337486d4e376e4e33725a4c7a6852706136344730726a5772323455714f78424461335a5577426c6b6c59524b783563364e725131725456784a76616c30695457623268676b65794a723335523549613073654351415358596a336436525852564f55437579634a4a317a34706d6c6c6b345354726e78544e426c43454942434549424345494e5836457673504376366f385577666f532b77384b2f716a7851585a685672674e4a42384571744e6d4c36472f4f77556143316f4e4b6745486a77714342687142474b6370526e6470414a4e6e61374375447744576d4c6159317830486a477042713678316455756e75345955654d414767436f64726144585469645a57316d6763787a6a6c4a334e4a6362726d314462324e4164514e61617130557563546b476b41616167433838476f494e536161414b4435342f736a4f5a7a642f74774d5265713847674a306a5854482b454673576a3648374a526e483053624b6f6d30326d6a7679473367356f472f46484e4c7438616356476a5878726474706e4c715a73413276765a55614c7846615530304666334343336e483053624b4d342b69545a56517a7a307149474134594754456970764155476e52546978514c524f52584e773345595877346e656b6e525367764143767a725242627a6a364a4e6c476366524a73716d36325467675a745548476f6b47416f4e4e5267616e2b46695330326a43375a7867356f634c34337a53415846687778424e4d6452515863342b682b795648755a475778524e634348426f4242306730576c6d6e6d6334423849614457704477363754525555306c58304174534b725a4c376536634f6a4d545775594c786543514337436a5132767a78306a5167745a427443323432683069364b484775492f584659645a324f61576c6a4330676769676f51644e52383072664c624255686b5a726f61545337704f6b4f782b46702f636a52513545747342503555527151616c35414175696f4746644e522b31666b675a4779734c5330735a64496f526446434b55702b6c4d46746b5734623175487948797034447343545479327872577644477549593875594b446642395767554a4a33754642326d7545706e745a4443324f5066554a7256706132674e4c706437326e394b2f4c4547325362554736326f3047677150302f6c534a5442614c54656a44346f7778783378424e57414e4a4a4f4a4271366a5150332b51624946646b345354726e78544e4c4c4a776b6e5850696d61444b45495143454951434549516175304a6659782b612f716a78544568554c545a53616c726944386a524177516b4472424a7a736d32566a4d4a65646b326967364243352f4d4a4f646b32796a4d4a4f646b327967364243352f4d4a4f646b32796a4d4a4f646b327967364243352f4d4a4f646b32796a4d4a4f646b327967364243352f4d4a4f646b32796a4d4a4f646b327967364243352f4d4a4f646b32796a4d4a4f646b327967364243352f4d4a4f646b32796a4d4a4f646b327967364243352f4d4a4f646b32796a4d4a4f646b327967364243352f4d4a4f646b32796a4d4a4f646b327967364243352f4d4a65646b32697434374449446a4a4a746c42617372642f4a31696d53725761433770784f7657725341516843415168434151684341577051684271554951674549516745495167454951674549516745495167454951674549516745495167454243454734575549514345495143454951662f2f5a, 21),
('29', 'paid', 0x2f396a2f34414151536b5a4a5267414241514141415141424141442f3277434541416f484342555346524953464249534742495947686f594752675a46686f5947424959484267644752676347426b634943346c4842347248786f594a6a676e4b7938784e545531484351375144737a507934304e5445424441774d4541385048524152476a4d724953452f50443830507a6778507a4532507a452f504430344d54452f4d5541394d55412f4e6a3831507a45394d5438304e4445784d5451304e546f30506a302f4d5438344d662f4141424549414f454134514d4249674143455145444551482f784141624141414341674d424141414141414141414141414141414142514d4541514947422f2f45414549514141454441514d464451594642414944415141414141454141674d524242496845785178555a4946496a4e42556c4e556370475473644853426a4a4359574c6942794e78676145564a454e6b46686579385046452f385141466745424151454141414141414141414141414141414141414149442f38514147524542415145424151454141414141414141414141414141414552416849442f396f4144414d424141495241784541507744325a43454942614f654174695653686548756330674541562f6c42597a68757447634e316f7a566e4962324c47624d35446577494d357733576a4f4736316a4e57636876596a4e6d63687659454763346272526e446461786d7a4f513373434d325a79473967515a7a68757447634e317247624d35446577497a5a6e49623242426e4f4736305a773357735a717a6b4e37455a717a6b4e37454763346272526e446461786d7a4f513373434d315a79473969444f634e316f7a687574597a5a6e4962324247624d35446577494d357733576a4f4736316a4e57636876596a4e5763687659677a6e4464614d346272574d315a794739694d325a79473967515a7a687574416e4774597a5a6e496232425a466d5a7957396943527271725a5572504a766e743467534664514345495143454951434549516176304a665965466631523470672f516c396834562f5648696759726d6f50614a386a497049374f31776e4a4d4636554e767868706535306c573159614e776141373368576d4e4f6d584a4e62596e746348574f676538764979656c344a46612f445770726f472b4e644a51525365334441313768424953496d53786938327331356a5876614e5259317a53654967314768535733327862454c53544358434a77594b534e4639356342644a645272584545754171634164436d6c665a6e42707a4975443231344d413474454a61576e454737526c4d4d4b6351776e66615941324a3573784e584f64533643593544526a6952724c58484855666d6772753972476d51524d6a4c692f4a694a356347736c7678682b47465264446f36346148564767715a6e744a65733772573243567a41397247744876766f384d6b4961616536362b4b664663773068617779325272444979796a386837585857736158527544626c3567427875734a474846674b71574f33514d5a645a5a354d6d7835645273524944373566566f476b6c354c716a6a4e5545455874664335396d5941434a792b6a673970416131373252754130756138734e43422b7172512b3272587359385153564c4a4876463576356478686b6a4250486c474e4c6d2f4947717654513253494d41737a433177615263593033626a377a51427858584f63634f4f764756694a316b65626773727155756d394157744457736577413368694c6f65304156774b4270755262485477736c63774d4c6857364334304663506561303170386c66534b78626f77784e4563634d72474e46626f6a642b57434c78722b6c54674b36464e4a757930426844486b50626570536a68694147335438572b4748454d546767626f536c2b376b516148306b4c6439694745674670757547476b3144686879543871795137714d63344d4c5a476b316f584d49626751427674465354674e4a514d6b495167317169715162735768375a514135346f496a4742576b684d3132514566465274333941346e35706648625a435741794f4448584d73616d6b546a6c6277766642766778744f4955317162314a6362632f4332627272317833746e376148633653474d515a544b4e6336742b3764756b436d67313070687556615875665a723733586e514f4c6d6b307151356c48467573676c63582b4b4c576d33626e427761576c6b6a5348526d567071356f46364d45463471526744382b4a564c7250766a7a637458747950784e4e6f7445466e7a53376c58686c374b567531424e6158636443394a586938646d66426139796f585257614d433176633077746445483731735a4c6f58373970724764396f63434b4c3268456c646b345354724878544e4c4c4a776b6e5850696d61444b45495143454951434549516176304a665965466631523470672f516c396834562f564869675a4a4c5a426161456d61423951366c4f5676714155476870752f726a6f706936584d57653032554630745a4756424a71435774463577493045416b314e4e4f4f736f4c516b74565731665a76656f5258534c34476a6c5544734b3661717861577a4637626a3274626865414c635466466343306d74305530343134714a65327a575a6a5449533972622f474c324f554f416f306e467a47396a654e445a4c4c37375879477272786f327430355150333239714265623256507a5162686c7146615457634f4c5269534b6b6c6a673132444d64396450374869774d3868744e5a4c6b734e7730756c3144634a41314445593456303156474d32514e6a416b6c754e44474d4e7a6537317861304133644e372f7848373757653057554e6377337730766151434d5359726f615733426f4631702f63617745462b526c7075486652746541343162514e472b4633336764446278715253744d466873746f494944724e58453372784e476a6949412f54482b4652624c5a4932505a6c4a43303171346c7a685672473144535251595863426857767a5757757372484542306863577562514e72373757756f4147346d36476a5678464130734d6b7763524b5969323643484e4e4358566f515232477574314f4a57784d3059586d317254534e4e61647463467a387562737553566c496543515130623041737656426268766d52696d6d72757953474f7a797565384f6655472b6168754963524c554337576d39614e64476a395344396842414c615854694b6144586a77577846556a737537566c6a6a6147794f4d6257317658485974725338614e4878476d6a537254393234476d6866536d424e31314161423143616169442b3431684130516c5464323453344d4c6e42786464414c53446f72585267504e5962753741627448504e3467436a48476c51434b345961654e41304c6638413355745377593444485468702f56534951615863613456586c33346d7a434f33376d764c6d74445753467a6e4f65304e6265614847394876776145307538644f4b713955586c58346f4d76323763316c792f655a494c755479742b726d345a4d45582f30714e664567357a637a4e5462397a5832584b4739614e2b365a7a7a61484f4164647631717935536c30744a4f4a76554958764338526a73545964304e793268734448355946375937506b62686f614e653850633137766b3037336a58747942585a4f456b363538557a537979634a4a317a34706d677968434541684345416843454772394358324868583955654b5950304a66596546663152346f4c373341416b364269557669335773376d336d764630744c76644f67586954536e307537457763304545485163436c7a64784947746177523061304541427a7442446751636352527a744b446530322b4a684458416c314138414d6336745468646f4d585634744b74576437487461396842613441676a51344559487356656263794a344163306d6a51304738344f4142714b4f4272583536564979777361413174357251414131726e414e41464141416345466d344e5137466f4957696c476a43744d4268553150383471504e4736333762764e47614e31763233656143523054534b4672534e52414937467464476d673746446d6a64623974336d6a4e4736333762764e4250543549756a554f78515a6f33572f6264356f7a5275742b32377a5154335271433179626364364d666b4d64486b4f78525a6f33572f6264356f7a5275742b32377a5153474d45673352556144515646644e4374376f3144735547614e3176323365614d3062726674753830466c4330593267417877316d70375675674635503841697139726264756358766d6a5a6366656644777241584e46575578726a544447684e4b36463677764c7678486d637a644863783757336e4e5a4c52743573656b687049653765746341535154685542416a696c4c72667557322b584e45774c532b65655762664e50434d6e44537a69304e6f54584842653272784b7a4574746535455a644c4947326c7a684c4e4e464e4b36383043344447393131677531784f4a6356376167563254684a4f7566464d3073736e435364632b4b5a6f4d6f5168414951684149516842712f516c396834562f5648696d44394358324868583955654b426b71326178366874487a566c493337755742704c58576d7968774a424265774545476842783031514d38316a314461506d6a4e593951326a3570582f58397a2b6c5754764765615036397566306d796262504e41307a5750554e6f2b614d316a314461506d6c66384158747a2b6b3254625a3572482f494e7a2b6c5754625a356f47756178366874487a526d73656f62523830712f722b352f53724a7473383066312f632f70566b3232656142726d73656f625238305a7248714730664e4b2f362f756630717964347a7a522f58397a2b6c57547647656142706d73656f625238305a7248714730664e4b2f362f756630717964347a7a516433397a2b6c57547647656142706d73656f625238305a7248714730664e4b68752f7565662f7742566b323265617a2f58397a2b6c5754764765614230786f414147676146756b726661617769674673736f47724b4d3831742f77416e7358544c4e336a664e4134586c2f346973447430747a415932504679593358336270706943362f685270416451344736753450745059756d576276576561346a32396868747a3750505a7430724779614e723230664e64615750706549633045673455705445456f45466a696d4671334a64614d692b305a793572703433526b50626359396a485a4d4145744472774a466150415874793854396d765a3256747173626e626f626e794e5a4d4a41786c7065397a6a64756d343073414c7272576a546f6146375967563254684a4f7566464d3073736e435364632b4b5a6f4d6f5168414951684149516842712f516c396834562f5648696d44394358324868583955654b426b764c397976596d5a2b576e624e5a69793053766d445a496e4f64476371584336344f474e4b69744f4f76454636677564334469595949795a33744f2b77456c414e2b3769346b48445776384d4a704a58754e72733463386c3541686651596748342f2f707174662b704a756d5164793731723059777376675a784a533666386f3551556d515a306d5476516738315034527a644c67376c33725461543245745472396252593676613570497337775148335161484b63515977447172744d677a704d6e656847515a306d54765167346b2b774e704e623170737a717563342f6b79433965427148556b78707848692f6372456634663268676f326579596d385359486b6c7859497965457742594b55305678586235426e535a4f39434d677a704d6e6568423531612f77746e6c65353574566e42645374495863514172372b6b30716f76384171536270634863753961394b79444f6b796436455a426e535a4f3943447a582f414b6b6d365842334c76577247347634647a5269527a62525a33423935687245344558584f6267623269754a4848646271586f57515a306d547651713235385443773174456733386e2b5563747944683931507736744574485357757a3144695152432b7076754742332b4e4e364271415774682f43363051794d6c6261374d584d646541644138744a6f5276686678474b372b30517341464c524a377a66386f3551556d515a306d54765167347365774e6f44626a5a374b31744b47374538453731375136742b6c3738787872543457366b6d6b2f43655a72535461344b4e46654266784472723033494d36544a336f556470685947504974456e756e2f4b4e53447a36792f685a61496e746b5a624951357461666c50476c7061666a3145706c4c3743326c31526c374a634970634d4c793333533276763854584f614e5170706f757a79444f6b796436455a426e535a4f3943447a2b79657762374861724c6133547875614a3237787248413165484d39347530566458517655317a32366b62526b433256376a6c3473432b385066314c6f55437579634a4a317a34706d6c6c6b345354726e78544e426c43454942434549424345494e5836457673504376366f385577666f532b77384b2f716a78514d6b6833426c63494977494a48436a7438444851373532697277552b535063434f5132654969526f4648554679744e38654f3867736d5a32554839764a3768777246796d2f57703875376f3076624636314559704c342f4d6257366638414839546671552b536c353176642f6367317937756a5339735872526c3364476c3759765774736c4c7a7265372b3547536c353176642f6367317937756a5339735872526c3364476c3759765774736c4c7a7265372b3547536c353176642f6367317937756a5339735872526c3364476c3759765774736c4c7a7265372b3547536c353176642f6367317937756a5339735872565463365a31772f32386833386e48487a6a767256334a53383633752f75565063364f533461534e472f6b2f782f5737366b456c6f6d645166323867337a654f4c6c4436314e6c3364476c375976576f3752464a51566c62377a6638663144366c4e6b70656462336633494e6375376f3076624636314261356e58482f32386733703434745858566e4a53383633752f75554671696c7550724b326c302f342f6c316b45755864306158746939614d75376f307662463631746b70656462336633497955764f743776376b43766469516b51417850614d76466953796e762f53346c506b69335a59384343383972686c34734179373865757054314172736e435364632b4b5a705a5a4f456b363538557a515a516843415168434151684344562b684c374477722b7150464d4836457673504376366f3855444a6339754759736848654472322b7276583874326f555851704c375075666d38563172534b4f3075492b4e337951624577337867366c772f432f6c4e2b536d2f49354c746d54795568632f4b44654d726350786e6c4e2b6c5458354f517a62507051566177616e624d6e6b69734770327a4a354b31666b35444e732b6c462b546b4d327a36554657734770327a4a354972427164737965537458354f517a62507052666b35444e732b6c425672427164737965534b77616e624d6e6b72562b546b4d327a365558354f517a62507051566177616e624c2f4a56747a7a44634e513733355068667933664a4d37386e495a746e30716e756135397831477450356b6e786e6e48664a427061444451556137336d2f432f6c44354b5773477032792f79556c70652b6771786e764e2b4d386f66537072306e495a74487951566177616e624d6e6b6f725559626a36423162702b462b72394666767963686d3266536f62573939795372476536666a4f72716f493677616e624c2f4a46594e54746d54795671394a79476252386b58704f517a61506b675462716d502b33756831374c78615138664639574336464a64326e4f4967764e61426e454f6831666a2f524f6b437579634a4a317a34706d6c6c6b345354726e78544e426c43454942434549424345494e5836457673504376366f385577666f532b77384b2f716a78514d6c7a3234634e59497a6e44322b3976515755472b64674b7471756853486345747a654f734c6e476a73627254586675316c424f59642b426e556e754847387a6c4436564c6b50397154616a394b314a626648354476644f46316e4b6238314e56765233624c504e42486b50397154616a394b4d682f745362556670556c57394864737338305662306432797a7a515235442f4147704e7150306f79482b314a74522b6c535662306432797a7a5256765233624c504e42486b50397154616a394b4d682f745362556670556c57394864737338305662306432797a7a51615a442f616b326d656c56647a34617350397a494e2f4a787838743330713756765233624c504e56647a69323466794848667966437a6c752b61446165476748393149643833346f2b555070556d512f32704e71503072466f4c6144386877337a66685a796838314c56765233624c504e42486b50397154616a394b6a744d4738662f645348656e433948713671735662306432797a7a5556714c626a2f414d6833756e3457617631515a79482b314a74522b6c47512f77427154616a394b6b71336f37746c6e6d6972656a7532576561425a757246544e7a6c33752f506933704c4350652b5142585170447575573067704557666e78596c72523866794b664946646b345354726e78544e4c4c4a776b6e5850696d61444b45495143454951434549516176304a665965466631523470672f516c396834562f564869675a4a427545795932654f362b4d4e33314157456b432b37536234716e3635474e30472b705a625741484f3978307257687437656b4e4c322b395774414e614230593537342f4d69726450384169646f764436314e6b72527a73586475396135387932656863327a32787a6732744d704c6870706a66304567596a5743725472504343384347304736322f5554533354765136674e2f45304a3059594947325374484f78643237316f79566f35324c75336574632f464a436141326531676b306f325759304634744a4a4c6868675455613236315973544c4f3974357a4a6d4776484c4d516131705168324f41514f4d6c614f646937743372526b72527a7358647539616f5a745a4f564a33732f71526d316b35556e657a2b70426679566f35324c75336574475374484f786432373171686d316b35556e657a2b70476257546c53643750366b462f4a576a6e59753764363156334f6a6e756d6b6b5146392f2b4e326e4b4f723861697a6179637154765a2f5574573253786a515a422b6b6b2f4869666951584c52485051566b693935762b4a334b483171584a576a6e597537643630767a5779456758704b6b674438326654786645724d6d347351424c577945304e426c356354786647676e79566f35324c753365745257714f65342b736b564c702f78753164644b7636613845316763634d4b57695866476a6672777876596364426f554e75335063496e754d636a51493543585a6555754647566161583936623346696736444a576a6e5975376436305a4b30633746336276576c325a57506c5339396150556a4d72487970652b744871514737444a51494c37324f626c347347734c54373273754b66726c62625a6f47757335694c792f4c7865394a4b3465396a67397847697136704172736e435364632b4b5a705a5a4f456b363538557a515a516843415168434151684344562b684c374477722b7150464d4836457673504376366f385544465638704a7a5464763756594a53374c4e36562f4d666b67735a53546d323766326f796b6e4e74322f7456664b7436562f4c504a47566230722b57655343786c4a4f6262742f616a4b53633233622b315638713370583873386b5a56765376355a35494c4f556b3570753339714d704a7a5464763756577972656c66797a79526c57394b2f6c6e6b67733553546d6d3766326f796b6e4e4e322f7456624b7436562f4c504a47566230722b576553437a6c4a4f6162742f616a4b53633033622b315673713370583873386c4f794a7841496e6551635151474545664c656f4d6953536f7247326e48763948384c533257567a7930746b63796c644749646944694b2f4c2b53743867366f2f4e662b6c316d50793931576b436b376d7675427563793368663378303063344f474150776755482f6f5332324f61497077323158367876336a6a6a775a66685531426f357078346b32744e7463317a6d746865344e46616730727244634d5478616450616c4e766530736d4f614f5954484953386874576e4a6a3371635a7254536664515038704a7a54647637555a53546d6d37663272584a75353933597a306f7962756664324d394b42647579393545463567614d34697844712f48716f6e695262737349466e724935333978466751336c2f494a3667563254684a4f7566464d3073736e435364632b4b5a6f4d6f5168414951684149516842712f516c396834562f5648696d44394358324868583955654b433750376a763050676c64706c6d4249592b41414e5951486e39532b39783467476830646961542b34373944344a4a626f323367374e4853506f3033775451373137514451614255676a552b754b4335424a506663485a423064634c726a6661326d676a5154564d476142576c654f6d744958325672484d49736a6a637962577559397849614132684f4172644c6a724e4154386c65733974494c6d477a797475336a576c5775787267373531514d36496f674c4b444645555755494d5552525a516778525574782b4168366a6642586c533348344348714e38454631563753787a6852727272716731774f41494a47493478554b77714f366c74466e6a4d68613577764d62526f715358766177667456774a2b514b4371794731436879724472615232414f44526a724e5032433033517330355a615733327659356b6761304142774a473941313859785047466f37326e73356135374358585378744b5852575278617a664f6f30566f5470305531685a2f77435532593648754946616b4d65513268476b306f4b31625458654344624f3264426e376c6e6d6a4f3264426e376c6e6d7452375657586e4478566f3178755646642f51623339316958326d7337486d4e376e4e33725a4c7a6852706136344730726a5772323455714f78424461335a5577426c6b6c59524b783563364e725131725456784a76616c30695457623268676b65794a723335523549613073654351415358596a336436525852564f55437579634a4a317a34706d6c6c6b345354726e78544e426c43454942434549424345494e5836457673504376366f385577666f532b77384b2f716a7851585a685672674e4a42384571744e6d4c36472f4f77556143316f4e4b6745486a77714342687142474b6370526e6470414a4e6e61374375447744576d4c6159317830486a477042713678316455756e75345955654d414767436f64726144585469645a57316d6763787a6a6c4a334e4a6362726d314462324e4164514e61617130557563546b476b41616167433838476f494e536161414b4435342f736a4f5a7a642f74774d5265713847674a306a5854482b454673576a3648374a526e483053624b6f6d30326d6a7679473367356f472f46484e4c7438616356476a5878726474706e4c715a73413276765a55614c7846615530304666334343336e483053624b4d342b69545a56517a7a307149474134594754456970764155476e52546978514c524f52584e773345595877346e656b6e525367764143767a725242627a6a364a4e6c476366524a73716d36325467675a745548476f6b47416f4e4e5267616e2b46695330326a43375a7867356f634c34337a53415846687778424e4d6452515863342b682b795648755a475778524e634348426f4242306730576c6d6e6d6334423849614457704477363754525555306c58304174534b725a4c376536634f6a4d545775594c786543514337436a5132767a78306a5167745a427443323432683069364b484775492f584659645a324f61576c6a4330676769676f51644e52383072664c624255686b5a726f61545337704f6b4f782b46702f636a52513545747342503555527151616c35414175696f4746644e522b31666b675a4779734c5330735a64496f526446434b55702b6c4d46746b5734623175487948797034447343545479327872577644477549593875594b446642395767554a4a33754642326d7545706e745a4443324f5066554a7256706132674e4c706437326e394b2f4c4547325362554736326f3047677150302f6c534a5442614c54656a44346f7778783378424e57414e4a4a4f4a4271366a5150332b51624946646b345354726e78544e4c4c4a776b6e5850696d61444b45495143454951434549516175304a6659782b612f716a78544568554c545a53616c726944386a524177516b4472424a7a736d32566a4d4a65646b326967364243352f4d4a4f646b32796a4d4a4f646b327967364243352f4d4a4f646b32796a4d4a4f646b327967364243352f4d4a4f646b32796a4d4a4f646b327967364243352f4d4a4f646b32796a4d4a4f646b327967364243352f4d4a4f646b32796a4d4a4f646b327967364243352f4d4a4f646b32796a4d4a4f646b327967364243352f4d4a4f646b32796a4d4a4f646b327967364243352f4d4a4f646b32796a4d4a4f646b327967364243352f4d4a65646b32697434374449446a4a4a746c42617372642f4a31696d53725761433770784f7657725341516843415168434151684341577051684271554951674549516745495167454951674549516745495167454951674549516745495167454243454734575549514345495143454951662f2f5a, 22);
INSERT INTO `paymentproofs` (`orderid`, `Type`, `proofdocument`, `docid`) VALUES
('31', 'paid', 0x2f396a2f34414151536b5a4a5267414241514141415141424141442f3277434541416f484342555346524953464249534742495947686f594752675a46686f5947424959484267644752676347426b634943346c4842347248786f594a6a676e4b7938784e545531484351375144737a507934304e5445424441774d4541385048524152476a4d724953452f50443830507a6778507a4532507a452f504430344d54452f4d5541394d55412f4e6a3831507a45394d5438304e4445784d5451304e546f30506a302f4d5438344d662f4141424549414f454134514d4249674143455145444551482f784141624141414341674d424141414141414141414141414141414142514d4541514947422f2f45414549514141454441514d464451594642414944415141414141454141674d524242496845785178555a4946496a4e42556c4e556370475473644853426a4a4359574c6942794e78676145564a454e6b46686579385046452f385141466745424151454141414141414141414141414141414141414149442f38514147524542415145424151454141414141414141414141414141414552416849442f396f4144414d424141495241784541507744325a43454942614f654174695653686548756330674541562f6c42597a68757447634e316f7a566e4962324c47624d35446577494d357733576a4f4736316a4e57636876596a4e6d63687659454763346272526e446461786d7a4f513373434d325a79473967515a7a68757447634e317247624d35446577497a5a6e49623242426e4f4736305a773357735a717a6b4e37455a717a6b4e37454763346272526e446461786d7a4f513373434d315a79473969444f634e316f7a687574597a5a6e4962324247624d35446577494d357733576a4f4736316a4e57636876596a4e5763687659677a6e4464614d346272574d315a794739694d325a79473967515a7a687574416e4774597a5a6e496232425a466d5a7957396943527271725a5572504a766e743467534664514345495143454951434549516176304a665965466631523470672f516c396834562f5648696759726d6f50614a386a497049374f31776e4a4d4636554e767868706535306c573159614e776141373368576d4e4f6d584a4e62596e746348574f676538764979656c344a46612f445770726f472b4e644a51525365334441313768424953496d53786938327331356a5876614e5259317a53654967314768535733327862454c53544358434a77594b534e4639356342644a645272584545754171634164436d6c665a6e42707a4975443231344d413474454a61576e454737526c4d4d4b6351776e66615941324a3573784e584f64533643593544526a6952724c58484855666d6772753972476d51524d6a4c692f4a694a356347736c7678682b47465264446f36346148564767715a6e744a65733772573243567a41397247744876766f384d6b4961616536362b4b664663773068617779325272444979796a386837585857736158527544626c3567427875734a474846674b71574f33514d5a645a5a354d6d7835645273524944373566566f476b6c354c716a6a4e5545455874664335396d5941434a792b6a673970416131373252754130756138734e43422b7172512b3272587359385153564c4a4876463576356478686b6a4250486c474e4c6d2f4947717654513253494d41737a433177615263593033626a377a51427858584f63634f4f764756694a316b65626773727155756d394157744457736577413368694c6f65304156774b4270755262485477736c63774d4c6857364334304663506561303170386c66534b78626f77784e4563634d72474e46626f6a642b57434c78722b6c54674b36464e4a757930426844486b50626570536a68694147335438572b4748454d546767626f536c2b376b516148306b4c6439694745674670757547476b3144686879543871795137714d63344d4c5a476b316f584d49626751427674465354674e4a514d6b495167317169715162735768375a514135346f496a4742576b684d3132514566465274333941346e35706648625a435741794f4448584d73616d6b546a6c6277766642766778744f4955317162314a6362632f4332627272317833746e376148633653474d515a544b4e6336742b3764756b436d67313070687556615875665a723733586e514f4c6d6b307151356c48467573676c63582b4b4c576d33626e427761576c6b6a5348526d567071356f46364d45463471526744382b4a564c7250766a7a637458747950784e4e6f7445466e7a53376c58686c374b567531424e6158636443394a586938646d66426139796f585257614d433176633077746445483731735a4c6f58373970724764396f63434b4c3268456c646b345354724878544e4c4c4a776b6e5850696d61444b45495143454951434549516176304a665965466631523470672f516c396834562f564869675a4a4c5a426161456d61423951366c4f5676714155476870752f726a6f706936584d57653032554630745a4756424a71435774463577493045416b314e4e4f4f736f4c516b74565731665a76656f5258534c34476a6c5544734b3661717861577a4637626a3274626865414c635466466343306d74305530343134714a65327a575a6a5449533972622f474c324f554f416f306e467a47396a654e445a4c4c37375879477272786f327430355150333239714265623256507a5162686c7146615457634f4c5269534b6b6c6a673132444d64396450374869774d3868744e5a4c6b734e7730756c3144634a41314445593456303156474d32514e6a416b6c754e44474d4e7a6537317861304133644e372f7848373757653057554e6377337730766151434d5359726f615733426f4631702f63617745462b526c7075486652746541343162514e472b4633336764446278715253744d466873746f494944724e58453372784e476a6949412f54482b4652624c5a4932505a6c4a43303171346c7a685672473144535251595863426857767a5757757372484542306863577562514e72373757756f4147346d36476a5678464130734d6b7763524b5969323643484e4e4358566f515232477574314f4a57784d3059586d317254534e4e61647463467a387562737553566c496543515130623041737656426268766d52696d6d72757953474f7a797565384f6655472b6168754963524c554337576d39614e64476a395344396842414c615854694b6144586a77577846556a737537566c6a6a6147794f4d6257317658485974725338614e4878476d6a537254393234476d6866536d424e31314161423143616169442b3431684130516c5464323453344d4c6e42786464414c53446f72585267504e5962753741627448504e3467436a48476c51434b345961654e41304c6638413355745377593444485468702f56534951615863613456586c33346d7a434f33376d764c6d74445753467a6e4f65304e6265614847394876776145307538644f4b713955586c58346f4d76323763316c792f655a494c755479742b726d345a4d45582f30714e664567357a637a4e5462397a5832584b4739614e2b365a7a7a61484f4164647631717935536c30744a4f4a76554958764338526a73545964304e793268734448355946375937506b62686f614e653850633137766b3037336a58747942585a4f456b363538557a537979634a4a317a34706d677968434541684345416843454772394358324868583955654b5950304a66596546663152346f4c373341416b364269557669335773376d336d764630744c76644f67586954536e307537457763304545485163436c7a64784947746177523061304541427a7442446751636352527a744b446530322b4a684458416c314138414d6336745468646f4d585634744b74576437487461396842613441676a51344559487356656263794a344163306d6a51304738344f4142714b4f4272583536564979777361413174357251414131726e414e41464141416345466d344e5137466f4957696c476a43744d4268553150383471504e4736333762764e47614e31763233656143523054534b4672534e52414937467464476d673746446d6a64623974336d6a4e4736333762764e4250543549756a554f78515a6f33572f6264356f7a5275742b32377a5154335271433179626364364d666b4d64486b4f78525a6f33572f6264356f7a5275742b32377a5153474d45673352556144515646644e4374376f3144735547614e3176323365614d3062726674753830466c4330593267417877316d70375675674635503841697139726264756358766d6a5a6366656644777241584e46575578726a544447684e4b36463677764c7678486d637a644863783757336e4e5a4c52743573656b687049653765746341535154685542416a696c4c72667557322b584e45774c532b65655762664e50434d6e44537a69304e6f54584842653272784b7a4574746535455a644c4947326c7a684c4e4e464e4b36383043344447393131677531784f4a6356376167563254684a4f7566464d3073736e435364632b4b5a6f4d6f5168414951684149516842712f516c396834562f5648696d44394358324868583955654b426b71326178366874487a566c493337755742704c58576d7968774a424265774545476842783031514d38316a314461506d6a4e593951326a3570582f58397a2b6c5754764765615036397566306d796262504e41307a5750554e6f2b614d316a314461506d6c66384158747a2b6b3254625a3572482f494e7a2b6c5754625a356f47756178366874487a526d73656f62523830712f722b352f53724a7473383066312f632f70566b3232656142726d73656f625238305a7248714730664e4b2f362f756630717964347a7a522f58397a2b6c57547647656142706d73656f625238305a7248714730664e4b2f362f756630717964347a7a516433397a2b6c57547647656142706d73656f625238305a7248714730664e4b68752f7565662f7742566b323265617a2f58397a2b6c5754764765614230786f414147676146756b726661617769674673736f47724b4d3831742f77416e7358544c4e336a664e4134586c2f346973447430747a415932504679593358336270706943362f685270416451344736753450745059756d576276576561346a32396868747a3750505a7430724779614e723230664e64615750706549633045673455705445456f45466a696d4671334a64614d692b305a793572703433526b50626359396a485a4d4145744472774a466150415874793854396d765a3256747173626e626f626e794e5a4d4a41786c7065397a6a64756d343073414c7272576a546f6146375967563254684a4f7566464d3073736e435364632b4b5a6f4d6f5168414951684149516842712f516c396834562f5648696d44394358324868583955654b426b764c397976596d5a2b576e624e5a69793053766d445a496e4f64476371584336344f474e4b69744f4f76454636677564334469595949795a33744f2b77456c414e2b3769346b48445776384d4a704a58754e72733463386c3541686651596748342f2f707174662b704a756d5164793731723059777376675a784a533666386f3551556d515a306d5476516738315034527a644c67376c33725461543245745472396252593676613570497337775148335161484b63515977447172744d677a704d6e656847515a306d54765167346b2b774e704e623170737a717563342f6b79433965427148556b78707848692f6372456634663268676f326579596d385359486b6c7859497965457742594b55305678586235426e535a4f39434d677a704d6e6568423531612f77746e6c65353574566e42645374495863514172372b6b30716f76384171536270634863753961394b79444f6b796436455a426e535a4f3943447a582f414b6b6d365842334c76577247347634647a5269527a62525a33423935687245344558584f6267623269754a4848646271586f57515a306d547651713235385443773174456733386e2b5563747944683931507736744574485357757a3144695152432b7076754742332b4e4e364271415774682f43363051794d6c6261374d584d646541644138744a6f5276686678474b372b30517341464c524a377a66386f3551556d515a306d54765167347365774e6f44626a5a374b31744b47374538453731375136742b6c3738787872543457366b6d6b2f43655a72535461344b4e46654266784472723033494d36544a336f556470685947504974456e756e2f4b4e53447a36792f685a61496e746b5a624951357461666c50476c7061666a3145706c4c3743326c31526c374a634970634d4c793333533276763854584f614e5170706f757a79444f6b796436455a426e535a4f3943447a2b79657762374861724c6133547875614a3237787248413165484d39347530566458517655317a32366b62526b433256376a6c3473432b385066314c6f55437579634a4a317a34706d6c6c6b345354726e78544e426c43454942434549424345494e5836457673504376366f385577666f532b77384b2f716a78514d6b6833426c63494977494a48436a7438444851373532697277552b535063434f5132654969526f4648554679744e38654f3867736d5a32554839764a3768777246796d2f57703875376f3076624636314559704c342f4d6257366638414839546671552b536c353176642f6367317937756a5339735872526c3364476c3759765774736c4c7a7265372b3547536c353176642f6367317937756a5339735872526c3364476c3759765774736c4c7a7265372b3547536c353176642f6367317937756a5339735872526c3364476c3759765774736c4c7a7265372b3547536c353176642f6367317937756a5339735872565463365a31772f32386833386e48487a6a767256334a53383633752f75565063364f533461534e472f6b2f782f5737366b456c6f6d645166323867337a654f4c6c4436314e6c3364476c375976576f3752464a51566c62377a6638663144366c4e6b70656462336633494e6375376f3076624636314261356e58482f32386733703434745858566e4a53383633752f75554671696c7550724b326c302f342f6c316b45755864306158746939614d75376f307662463631746b70656462336633497955764f743776376b43766469516b51417850614d76466953796e762f53346c506b69335a59384343383972686c34734179373865757054314172736e435364632b4b5a705a5a4f456b363538557a515a516843415168434151684344562b684c374477722b7150464d4836457673504376366f3855444a6339754759736848654472322b7276583874326f555851704c375075666d38563172534b4f3075492b4e337951624577337867366c772f432f6c4e2b536d2f49354c746d54795568632f4b44654d726350786e6c4e2b6c5458354f517a62507051566177616e624d6e6b69734770327a4a354b31666b35444e732b6c462b546b4d327a36554657734770327a4a354972427164737965537458354f517a62507052666b35444e732b6c425672427164737965534b77616e624d6e6b72562b546b4d327a365558354f517a62507051566177616e624c2f4a56747a7a44634e513733355068667933664a4d37386e495a746e30716e756135397831477450356b6e786e6e48664a427061444451556137336d2f432f6c44354b5773477032792f79556c70652b6771786e764e2b4d386f66537072306e495a74487951566177616e624d6e6b6f725559626a36423162702b462b72394666767963686d3266536f62573939795372476536666a4f72716f493677616e624c2f4a46594e54746d54795671394a79476252386b58704f517a61506b675462716d502b33756831374c78615138664639574336464a64326e4f4967764e61426e454f6831666a2f524f6b437579634a4a317a34706d6c6c6b345354726e78544e426c43454942434549424345494e5836457673504376366f385577666f532b77384b2f716a78514d6c7a3234634e59497a6e44322b3976515755472b64674b7471756853486345747a654f734c6e476a73627254586675316c424f59642b426e556e754847387a6c4436564c6b50397154616a394b314a626648354476644f46316e4b6238314e56765233624c504e42486b50397154616a394b4d682f745362556670556c57394864737338305662306432797a7a515235442f4147704e7150306f79482b314a74522b6c535662306432797a7a5256765233624c504e42486b50397154616a394b4d682f745362556670556c57394864737338305662306432797a7a51615a442f616b326d656c56647a34617350397a494e2f4a787838743330713756765233624c504e56647a69323466794848667966437a6c752b61446165476748393149643833346f2b555070556d512f32704e71503072466f4c6144386877337a66685a796838314c56765233624c504e42486b50397154616a394b6a744d4738662f645348656e433948713671735662306432797a7a5556714c626a2f414d6833756e3457617631515a79482b314a74522b6c47512f77427154616a394b6b71336f37746c6e6d6972656a7532576561425a757246544e7a6c33752f506933704c4350652b5142585170447575573067704557666e78596c72523866794b664946646b345354726e78544e4c4c4a776b6e5850696d61444b45495143454951434549516176304a665965466631523470672f516c396834562f564869675a4a427545795932654f362b4d4e33314157456b432b37536234716e3635474e30472b705a625741484f3978307257687437656b4e4c322b395774414e614230593537342f4d69726450384169646f764436314e6b72527a73586475396135387932656863327a32787a6732744d704c6870706a66304567596a5743725472504343384347304736322f5554533354765136674e2f45304a3059594947325374484f78643237316f79566f35324c75336574632f464a436141326531676b306f325759304634744a4a4c6868675455613236315973544c4f3974357a4a6d4776484c4d516131705168324f41514f4d6c614f646937743372526b72527a7358647539616f5a745a4f564a33732f71526d316b35556e657a2b70426679566f35324c75336574475374484f786432373171686d316b35556e657a2b70476257546c53643750366b462f4a576a6e59753764363156334f6a6e756d6b6b5146392f2b4e326e4b4f723861697a6179637154765a2f5574573253786a515a422b6b6b2f4869666951584c52485051566b693935762b4a334b483171584a576a6e597537643630767a5779456758704b6b674438326654786645724d6d347351424c577945304e426c356354786647676e79566f35324c753365745257714f65342b736b564c702f78753164644b7636613845316763634d4b57695866476a6672777876596364426f554e75335063496e754d636a51493543585a6555754647566161583936623346696736444a576a6e5975376436305a4b30633746336276576c325a57506c5339396150556a4d72487970652b744871514737444a51494c37324f626c347347734c54373273754b66726c62625a6f47757335694c792f4c7865394a4b3465396a67397847697136704172736e435364632b4b5a705a5a4f456b363538557a515a516843415168434151684344562b684c374477722b7150464d4836457673504376366f385544465638704a7a5464763756594a53374c4e36562f4d666b67735a53546d323766326f796b6e4e74322f7456664b7436562f4c504a47566230722b57655343786c4a4f6262742f616a4b53633233622b315638713370583873386b5a56765376355a35494c4f556b3570753339714d704a7a5464763756577972656c66797a79526c57394b2f6c6e6b67733553546d6d3766326f796b6e4e4e322f7456624b7436562f4c504a47566230722b576553437a6c4a4f6162742f616a4b53633033622b315673713370583873386c4f794a7841496e6551635151474545664c656f4d6953536f7247326e48763948384c533257567a7930746b63796c644749646944694b2f4c2b53743867366f2f4e662b6c316d50793931576b436b376d7675427563793368663378303063344f474150776755482f6f5332324f61497077323158367876336a6a6a775a66685531426f357078346b32744e7463317a6d746865344e46616730727244634d5478616450616c4e766530736d4f614f5954484953386874576e4a6a3371635a7254536664515038704a7a54647637555a53546d6d37663272584a75353933597a306f7962756664324d394b42647579393545463567614d34697844712f48716f6e695262737349466e724935333978466751336c2f494a3667563254684a4f7566464d3073736e435364632b4b5a6f4d6f5168414951684149516842712f516c396834562f5648696d44394358324868583955654b433750376a763050676c64706c6d4249592b41414e5951486e39532b39783467476830646961542b34373944344a4a626f323367374e4853506f3033775451373137514451614255676a552b754b4335424a506663485a423064634c726a6661326d676a5154564d476142576c654f6d744958325672484d49736a6a637962577559397849614132684f4172644c6a724e4154386c65733974494c6d477a797475336a576c5775787267373531514d36496f674c4b444645555755494d5552525a516778525574782b4168366a6642586c533348344348714e38454631563753787a6852727272716731774f41494a47493478554b77714f366c74466e6a4d68613577764d62526f715358766177667456774a2b514b4371794731436879724472615232414f44526a724e5032433033517330355a615733327659356b6761304142774a473941313859785047466f37326e73356135374358585378744b5852575278617a664f6f30566f5470305531685a2f77435532593648754946616b4d65513268476b306f4b31625458654344624f3264426e376c6e6d6a4f3264426e376c6e6d7452375657586e4478566f3178755646642f51623339316958326d7337486d4e376e4e33725a4c7a6852706136344730726a5772323455714f78424461335a5577426c6b6c59524b783563364e725131725456784a76616c30695457623268676b65794a723335523549613073654351415358596a336436525852564f55437579634a4a317a34706d6c6c6b345354726e78544e426c43454942434549424345494e5836457673504376366f385577666f532b77384b2f716a7851585a685672674e4a42384571744e6d4c36472f4f77556143316f4e4b6745486a77714342687142474b6370526e6470414a4e6e61374375447744576d4c6159317830486a477042713678316455756e75345955654d414767436f64726144585469645a57316d6763787a6a6c4a334e4a6362726d314462324e4164514e61617130557563546b476b41616167433838476f494e536161414b4435342f736a4f5a7a642f74774d5265713847674a306a5854482b454673576a3648374a526e483053624b6f6d30326d6a7679473367356f472f46484e4c7438616356476a5878726474706e4c715a73413276765a55614c7846615530304666334343336e483053624b4d342b69545a56517a7a307149474134594754456970764155476e52546978514c524f52584e773345595877346e656b6e525367764143767a725242627a6a364a4e6c476366524a73716d36325467675a745548476f6b47416f4e4e5267616e2b46695330326a43375a7867356f634c34337a53415846687778424e4d6452515863342b682b795648755a475778524e634348426f4242306730576c6d6e6d6334423849614457704477363754525555306c58304174534b725a4c376536634f6a4d545775594c786543514337436a5132767a78306a5167745a427443323432683069364b484775492f584659645a324f61576c6a4330676769676f51644e52383072664c624255686b5a726f61545337704f6b4f782b46702f636a52513545747342503555527151616c35414175696f4746644e522b31666b675a4779734c5330735a64496f526446434b55702b6c4d46746b5734623175487948797034447343545479327872577644477549593875594b446642395767554a4a33754642326d7545706e745a4443324f5066554a7256706132674e4c706437326e394b2f4c4547325362554736326f3047677150302f6c534a5442614c54656a44346f7778783378424e57414e4a4a4f4a4271366a5150332b51624946646b345354726e78544e4c4c4a776b6e5850696d61444b45495143454951434549516175304a6659782b612f716a78544568554c545a53616c726944386a524177516b4472424a7a736d32566a4d4a65646b326967364243352f4d4a4f646b32796a4d4a4f646b327967364243352f4d4a4f646b32796a4d4a4f646b327967364243352f4d4a4f646b32796a4d4a4f646b327967364243352f4d4a4f646b32796a4d4a4f646b327967364243352f4d4a4f646b32796a4d4a4f646b327967364243352f4d4a4f646b32796a4d4a4f646b327967364243352f4d4a4f646b32796a4d4a4f646b327967364243352f4d4a4f646b32796a4d4a4f646b327967364243352f4d4a65646b32697434374449446a4a4a746c42617372642f4a31696d53725761433770784f7657725341516843415168434151684341577051684271554951674549516745495167454951674549516745495167454951674549516745495167454243454734575549514345495143454951662f2f5a, 23),
('41', 'paid', 0x2f396a2f34414151536b5a4a5267414241514141415141424141442f3277434541416f47427851544552595445785159466859574768675a46686b5a46686f614752595a4668596447526b5747527361486973694778776f49686f57497a516a4b4377754d54457847534933504463774f79737a4d5334424377734c44673450485245514754736f494367774f7a73754d4473754f7a41374f7a73774c6a45374f7934774d5441334f7a73784f7a41774d446b374f5334774f7a49324d5334754c6a73374c6a59374f7a49794d502f41414245494150454130514d4249674143455145444551482f7841416241414541417745424151454141414141414141414141414141514d4542514947422f2f454145455141414942417745464277494542414d4842414d41414145434551414445694545496a46525951555451564a786b5a49474d694e69676145556372487746544e43466c4f436b38485234554e55302f454873754c2f78414158415145424151454141414141414141414141414141414141415149442f3851414a6845424141494341514d424351414141414141414141414141455241694553417a464277524d6955574678675a476873662f61414177444151414345514d52414438412f5a71567850384161725a4e42333679324d43476b3574696d6d4d797834447834384b385039573750336158564c4d6a75364951735a464f4a554e426566414c4a6277426f4f3953754e612b714e6c594d56764b775856696f5968526947425967615343434a2b36524531575071375a494a4e355242526544476538584a4341424d4855656f6a6a705164326c636e5a2f714378634c39322b654174795645676d376361326f552b4a7952687972322f62566f63535275354451384d513348674f494773616b436736644b356f375973777837776273356145524368696452714d53444930494f6c512f62434445674d555a532b596a454b70414d676b504f71364254783959447030726e66347a5a6b6a50565377626462644b414d774f6d6d68423679496d7651375674456863743567705559744a4443524169546f43547948474b4466537558593765737369766b5147436b416f30377a4256454148654a4947504870587137327567634b417a434a4c434d5655685959367952767277426f4f6c537347773971323774793761516e4b3051486c53424a35456a5868572b675570536755705367557053675570536755705367557053675570536735612f542b7a67794c4b41376e682f753244572f69524935613836395775784c436f4c61326c43414d416f476744694741486849482f586a58537051637865774e6e433469306f574d5931694967446a774868793849727933303773784d6d796b36435931304b6b475a6d5155516738644b36744b446e327578724b5a5957315175564c46644a4b4f62696e39475a6d3957504f70505a6c714d53676779493134474e50545252486741414b3939713257657936497a4b7855674d7068676559506766376b63612b63743748326f466758625968534149796b3437704c584337413541794357674d4959785164306469325a59344135456b6954426c46746b5250444651493444776974413253334147496852694f674d4569662b456531664f6262736e614370626131646c305339336b6c57447531315774376d494247495a523970456a72585332625a6237574d62726b584764574a566c4743357137496852526f414755544a4d616b673047314f79374b7a4674526b5378366b71464a396742304146516e5a4e6b454d4555455242316e5152786e6c6f6559347a584f58594e7247583479363559786b494c4e49346777427159354845794949394473322b44755841674c6774764d32537a634a496b6272484b3370714e796733327579374b7746746759674163644d5779486a7842414d38613948733633494f4f716741515445414341524d45627138655172466532506144627879566d6132367332624a444d5a42554b703041306e5131466a594e6f57356b4c69684d57554a4c4e6a6c6b77594d6447673932494b38416466436736577a374b69466d565143357959676173334353663046614a7267374e32546455686c636f53797351585a744f3774686b4d794471743036654c544f70713233736d3069316242757162674a377874594950434247766f644e665341374d306d75456d773756674a7641746941594d442f4d6c6f4a516b457275795a723373477862517050655867514177574f6351686152724136363467385361447454536134467a73726147557a644963774a4678743041584235594a33315044584857744779374c744333415775426b6c70456d534d4146384272496b7a2b6e6a4964656154587a71624a74754366694c6b4276416e4935514e4f415567744a504945676462627577625669516c3853654262582f55764a5242674f50314857673773306d754b646776356c6a646b5958674a59364e63754b55335173517172485354786b6d7366612f592b313355554a667764546331444f417975416f44596753597a4d3659746951494555483030306d766d7467374f323962697463326847554663686a4949376c6c6378694f4e7a46774a45416b6541716c757739724e73322b394578627862766e343270315947325a56386a6b4a423352426e56512b726d6b317a4832533563734e615a676a4648517368636b4e775734724567677876515a4d6e376a456e6b374c325674345a532b304c444658754b7062516d396e6352437979567733464f36645044774436716c666d503841736432312f77432b732b37662f4653672f545458794e33744874433161446d307477747151776a75344d4e6c67424167794151644561576b71443966564e3973564a416b67452b7343614435556474396f6b4d34324d52447462517972734374707259596c743176784c674d675162523454576a5a2b306476613669745a56625a636833437439677767674d77494c5a4e3462754239617a663759334c5357323269775148333867516f5731334b3348757372456b42543371784d37696e514f4b394c396174706c736c315a6a696547527667463933644137686978316a4e654e4237327a746a744263384e6c56735465782b364877436d30415a34744c5353414a574234457a643233744443365262416462784674516e33326b7473515a4c483733556451483463477133732f366e65396574572f346472597566637a744f48346276417842556d56413478564672367a4c46514e6c75537757643451706432534a6947784b6a497249476138515a41586252326c747763716c68574149336f6150744a6e37395a4948704d475457323174653047786d31754c6d53444549644157514d5143327341735a6b4152304d382b7a39563347737065376768585a67564c454d69697833716c747a516d525067427272586137483751373633336d4f4d78704d6b536f4f7567352b3048786f4f6265327662526c2b456e323652765332425a6f4150435678414a456d34444f6b564e2f614e736e533249436b7943736b39323841724a5033594853645248446a394246496f506d4f7a39743274704b444d436638774b4a624e514147556752695859385343493030423050653233456267445144706766395930316353635a6e6877303556333470464279624e2f614f39416132416b73474978356e416a666d49786e546e565276625841684642784579462b365250433579793663447a4664754b52515a74674e77702b4a4161547734524a67385434523431717149716142536c4b42536c4b42536c4b42536c4b42536c4b42536c4b4255455656763831396a7939656355332f792b78352b764b676d35615668444145616145534e4449304e57455656763831396a30362b763755332b612b783639663566336f4c59704656622f77435832504d6466576d2f7a5832504c3135304673556971742f6d7673657658302f656d2f7a5832505472362f74515855716a66357237486c36383471642f6d7673656672796f4c7156514d2b612b783664665839716e663572374872312f6c2f65677570564f2f774131396a7a4858312f616f332b612b783565764f677670564f2f7a583250587236667654663572374870313966326f4c715651632b612b782f372b6e37314f2f38416c396a7a396556426453714e2f6d76736551362b7637556c2b612b783639663566336f4c365652762f6c396a7a482f6e3971532f4e66593876586e515830716e6635723748723139503370763831396a30362f7a6674515855716a66357237486b6576702b3954763831396a7a396556426453733334764e505a762b394b44353950726d776638413037736846636a425441636e455347494a306d425068343656636e3162626462687471784b47794959714152744434492b536c76777871533045627069534342332b37586b50627770674e644272783630487a6a2f576c7057775a475a68414a746c48545653784b735755737536594d416e51784656374639633258377065376350645732324d70436d355a4e3471584c415346486a47704138612b6e4673636837637164324f5139755843672b5a583630514c5a5a72546a763753585141796c6c7a446b71774a4130436351654a345656732f2f7743514c52743232653163566e544f464b4d4150345a74704f3857457769387454776b416d76724d4279465233593544322f53672b58762f58746856596d336479567363595353652b657949687949377932772f5563785570396457754274334d704377705169577539304e537738645a34667270583035746a6b50622b2b744f37586b5037316f4b3969326b584c6158462b313156316e6a4441455437316f727942557a5154536f6d6b304530714a70515455476c445165486d4e4f4e537138363954536143496f42557a5361424649704e4b425531464b43615570514b557051664d6252743232707061744736754b6e4f367168352f457a444332514e497452432f77436f38617173396f64704171445951686d456b694d465a376b364c63494f4b697a346d53376137744c6964704d2b6d4b706b53424b614b4e6f4f434e6f53303234796a474d5947524f6b32563754304a4b5249674d456b6a4d7a6d5638636366742f727743757a3272326f514d746d747159575a6e69624b4d304b4c682b32347a4a71776e456b566f3756326a626b764e334b43366b4a694443717079514f5341437a3647347768775245596e37716e59374f334e617569362b4c47306f743443336b4c6d54356e51787746754e346148774f6f71325331326b537175794976416b597351493061585a6a6c4f55716368425542695153513837523268326e69754f7a32797866574e4d55572b554b6b732b705a436a686f454150704d56662f473765776452615166674f794e6a69336662324b3473374b414345346e575a346144506258745466596932475a4c6874724b6c457559723361764a6e752f756e485753504372646f73376551724b5a6675376f3178436934574a7446315734464d4c69435147424d364367793754744861586575794b3364536d4978743551653944627045364557645a30423447535233372b315033624d4e3366514c6b6e4243795a456a496c74432b7537366153654e7471647034737159456e4f474a51614659514749493535417a4969494f3730746c546146325968386a654841376835634f41493438646550536953786250327a667a41634446684a2f44626333774979423168535431776a787177647258704d4253474a6773434d4231433865493865436e585776527537586b7534304169594e7255535366324b6a534f453665506d7932325167594f4443353632536675332b684a45515941304f6e6a565a54623761764569626167452f6d4a5561616e7a66634e4e5038742f4d49394e32316479674b685849366b4f4e334e67423437324956704d446569734e73625a495572644442414d736c493043674855344d6638414d6d645a67775931324f32325330426f307830747a3970456b7a7a676e5468705369304a3233646d537369464d6432772f77445568694e5a6e4458482f7743717473397333436f6c514779676a466f78784a42343653644f6e4b716b666241497862696453625a6759694a3832394a3578346d724c747a61694e31484268664730645170425079784a36534946417364723353566b4c42696478676458676e37744e3244477464367554325a332f656669355977667577304d4a4559363865392f544775765561684146496f4b6d696b55696c4b42464b556d6755704e4b4361564654514b557051555a76355238756e7036564f546555664c7236637175724a326c747932625458586e46524a6753544a674144784a4a41487251575a76355238765470362b314d33386f2b58723039506670585048314c737644766c6d416648785573414e4e54414a6a6a55503841553279694a764a7249477031495476434f4867736b38674451644c4a764b506c3148543139716a4e2f4b506c30394f6463395071505a2b365736626b49364c63556c5742777547464a424569543448586a55587671545a6c5849336c6a656a5837734469324a4f684752437a4d53514a6d673657542b55664c3136656e76555a50355238765470362b335775635071665a544137354a4942416b7a716d594838324d6e486a6f61753262746d30396b3377783773417353564930416d59346e546c4e42727966796a35644430394b6e4a764b506c31394f565a763841464c63453730414978334830567753704f6e44517a796a5776566e744f3079717974495a73464d4856755844392b4642646b2f6b4879394f6e552b33576d542b55664c3136644237394b7a322b31374c572b38447968444548467451676c6a77384b382f347a5a6b6a49365a536348674244444d54454252346e685161736e386f2b585564505832706d2f6b487936656c58564e42526b2f6c487939656e7037394b6e4e2f4b506c366450583236316453676f7a66796a35644430395065707966796a356466546c56744b436e4e2f4b506c3048543139715a7635523876587036652f5372716d67707a66796a356452303966616f7a66796a356450546e56315451553576355238757036656e76555a76355238765470362b33577236554647622b55664c6f656e7037314f622b55664c7236637175714b444e336c332f646a2f6d662f414d3072565367566d323759726431634c6968316c577859534355594d7049385949422f53744e4b446a6a365a3255414b4c4b674c47496c7449566c4561365147625872564e377358596c634b317441324c4d415332693447327a457a41474a494a504765646436766e50715a4e6b37784274446c626c78437473674751457532795755346d47444e623438524f68414d427275646c374b794653713471714c6f3547434963375942445367424d6949303656572f5932786d515654547643526d595558444e77526c7571534a4934534a3431792b7a657a7467564c31757a6533634c4f5a566b78746f4749534345786869686c645230414f75585a75777579775543625175567357797358725a596432623551384e646274333177484744496434396a624543546862424a596d4869532f456d4731504c6c3452586f485a553252696a442b485a4a6d327a4d4d58554159596b6e55465943382b74634733324a32596774787443774171326762317369416a4b4d644a4a49794d2b7668705855324f33737037504b72644c624d62614c6c496b577a6151494e46424a78773059456e4c5751596f4e4372737932796f4c6862527479414c737973573759416958315543424f3844347a58725954732b6f747353417961623042354b6f564a476f33635a424b2f68783447764838505945714764524e7345623268445a327a4a45675a475a344574423556367332646e56526932497548634d6b47625a6535753563494a754e4a35386f46425376384143424262584d7149674b743169636b55596771704c444441466641524e65397373374b674678324946326463324964573369706736715a3464616c646d3262533472465467537253774953336972486545774a5161387a48457a3675745a64626474626a6f426f754264644146416b342f62764c424f686b616d704e2b46787139396d7a594f31724e346c62626869424a674868776e55564861573259516952336a5469504141635862386f30395441716468374f37736b3935636552454f2b514855434f4e4f304e677433424c5772627542433571506153704948487770756d76636a4c585a794f77626c3761646954385972635a33377934417559555848454943436f4f67416b61436647727670692f637a76326e75473674706771584741794d724c493249414a58545872576673337362614c4f7a437a613770584c4d586345686d566d5a7444686f776d4a4d78576d33736d30573752577974704d5167746f475a684a65626a4f78414a4a4234366e69645361786a6572643835786d636f7871706e5879323576314632796257305855653639705261445763494f2b5a31665136794141473359427271582b38665a6b6535656131696d5630326f4d74694f42687430616d427830316a6a34627369366c322b79643363572b517846795155594c6a47674f5336434270477574657468374c763750595331616448775567687756475259746b705753427152695a30413147736f69626d31796e703859727646667a61727358745a7a73746f75513932356c6871426b6f597863614e4141754a61504578784d566439483759397a5a356438337a75676e54674c7241414163424130714f7a5070354c64674a63533364655861575142515862497173676c56716670667368746e7473724b6b6c6d4f536357425973464d7150746d427237565969626932657050546d4d712b4f6c5831586661322b7a6b58577471397a473451304448456e783048446a552f536d32766557374c6d376256797471376f433678715a5741594d6a494154576a74767336376475575754434c54356e4a694d74434d64464d6365503756353750374a657a744474624b397a63336d5179436a2b4c4a70454878476c4b6d3738484c4432646561395650307137334c64316e643250655845457477565441416a7836317a7247315854326674463433584c32327659746c77774a4336634b366578396e583747613275376458646e5849737051747842784279452b6c566e7347347577767379754765356e6d7a536f6d365357494142303167443936564e665a766c302b557a71706d4b2b6e6c6d32446162687657455738313158747a66425948757a684b75475553704c6152504f71667076625775415a3752634e7a76376942644d534c626b346b426646564f7338545830657757585379716b4c6b71676145346b6741544f4d69593547755632483258744e6c4f374a744547343177764c5a414f2b54414b5569594a457a34314b6d34546e684f47555646367239746666625a2f7530392f38417a5373663846326c2f7743347466442f414d564e6132352f68394a536c4b3034466333745873537a744255333765654832795745666957376e67664e61512f7048416d656c536734327a2f54577a3237625730516857434b304f2b71326e4c494a796e51736665447056567236503252516f466f6a4448483853357534643656493375493736365a2f4d4f516a76556f4f46612b6b646c574d625245414b42336c79417172694141576a675436316f667361304e6e625a786b74737067426d574b714643674c6e4d4141446434635a426b7a31617839705757653343784f534e71592b783162694f484367712f77414e53414157417a567a724f525256526373675a3052657367486a586a5a2b794c614b71416e426674585141457136453641635665492f4b44786d735362427449694857516f47747874534c6d636e546b4d66513143396e62534c56784d355a34686a634a4b515a30474f764c394256706d32394f783759565547554b47484869726b4d796d42474a4b726f493456467673653244495a6f6b6b695244416c544230312b7864654a38535a7244746e5a642b34547659677a4946316f673231556636644e565936523935702f687530515147414144424975754d5163514e49676b414833384b467576744f3332725a41755846516e686b77457878696139375074435846795267796e675649494d61485556383974765a462f4b793976476266665a51354774787977414a31496d4f504b756e394d37466373324653374765546b775a473835622f72566e48474d62696473786c6c7971593036314b67564e5a64436c4b69676d6c4b55436c4b55436c4b55436c4b55436c4b55436c55667841354e3857355479365650666a6b3378504f4f56426453714266484a7669335470312f7279702f45446b33786272303666754f6442665371652f484a7669656363757450346b636d2b4c63703555463155625557436b72715271427a6a773654776e725476787962347431366450366336667841354e385736644f7637486c515a6b753351324a5352494757672f31414538655752396872784e613372346747327030456d593167474f50714b32392b4f546646755538756e394b6e76787962346e6e484b677850744634495433594c416d41444f67676738646648324654336c365275694445394e35746675355938346b386132642b4f546646756e54722f586c55642b4f546646757654702f546e5159375275393576446479625864346134396558366b3134746252666e573249506a794a594161416e54576652547a72663334354e38547a4135646636303738636d2b4c63703555474e72393751684277655270784258442f56346a4c2b76512b7239792f6c4371754f7539346a6c704f762f414a3656723738636d2b4c64656e542b6e4f6e666a6b3378627030362f73655642677562526667786248445161544d636675676964503336564e32376642624656595341733661535a5048585448314a3939703267636d2b4c63696558542b6c543334354e38547a6a6c5159376d305873694674676a494353664167533348574a5074317277647176784974727245416e55534a4d36385277694f4e626866484a7669335470312f7279703334354e385736394f6e376a6e515a396a755853783777414346694f5a424c53636a7730483654343662366f3738636d2b4a35676375763841586c552f7849354e38573554796f4c7156522f45446b3378626d527936663035302f6942796234743036646632504b6776705648666a6b3378627230366630353150666a6b3378504f4f5642645373333859504b2f774479332f37564e426646497161554552534b6d6c4245566e327a616b744c6e63645557514d6d594b4a596856456e784a4941486954576d7348612b77693962434632534874334179347947745846754c39774969564536634b433462556d3776727666627644653363744f6536436651545874377967457949416b6e6f424e664e44364232596347754142467472764b6355533031734145725042703966557a31646d374953315a4e6c57594c70714d464941554b5a6851446f75704950486b42416252745361444a5a62674d684a6a6b4b725874433257776e654a496a467549456e7734616944774d3654574e4f79624963746b5355504449666867334676526f4a417951485754716644684c646c6f7a4d2f657358526e4f58345a4b463158543765417851674857414153527051613776614e7447785a6f496a7750694a303031414770493041314d563774626462597141366e497546672f63625a4965505167316a326e5962626c3365365942416265514241716c536b3479415137544a6e656b5164613950736c6c4757347a596c47754653586754644c4677524d48567a2b334b6736635569716a66554153773375476f31306e546e6f43663072796d3149514347556870784949336f34787a6944515878534b7274584177424242423142476f495041673162515246497161554552534b6d6c424555697070515246497161554552534b6d6c424555716155436c4b55436c4b55437562323132614c364b706a647532726d71356635567858492f554172503571364c56386f76614f334c65754132736b566e785957324959457633616a37574255415a666544706930746941713266365176726256663436376b7168535a75515974736e326d35416b73682f34655a6d757a73335935477a7659754f587a557158624a6a7262437963324f7369644948535a4a35477a3974396f594174736f7a665749634c622f425a3857496b744442466b435358496745474f78732b32586e735a736a4935776c536b4d67594b57306c677a4b4335674569524774424e7a73634e33774a4558664343635435686b78316d4f4141335630306b30582f414b6444726651334342666e676f6c41575a3447556769586152414248684a59744c376474414a43326977436b68697042614642424d474a596c6c783467704a2b3441654c6e615730533457314a544c674341324c514e546f4177313654516133374d4a7a4f51795a67773354694942414247636e69546f56316777444a4f585a2f706c45646e44735a54434341592b79576e6d52627467383852586933326a74556d625567354664787841466c537648784c5a61483034695431757a62727462567267686a4d377058784d61485561526f64614448663745427543344859623564677a4d2f3841717476435a4e75444b306d673067734945676a787450595164467435776f516f643365624943576d66756c515a677a4a4857753153677937425a4b4a69544a6c6d4a416745757859774a4d435359456e54784e6171556f464b556f464b556f464b556f464b556f464b556f464b556f4b43372b56666b655838764f4b6e4a2f4b767950502b586c56314b436a4e2f4b7679505438767237446e704f622b56666b657635663566633874627155464754386c2b52356a38764b6637344d6e354c386a792f6c352f33345654327432677469303131777856596e4553594c41544867424d6b6e5141456e51567a572b734e6d4864792f2b5959304751574c4a756c6d5a4a5572695075556b616a776b674f7a6b2f6c583548722b5830397a79315a5035562b5236666c2f6d39687a30354f792f566d7933494358437a454b634262646d33304c4452565067444a47676a57727250626474396e58614556796a693256474256694c75474d426f6e52313454346a55694b44646b2f6c5835486b667938342f65706c2f4b767950502b586c584e742f55646b355153636375416e52547151523459773355485353434173665546736c77797370585867546b4463376f456638512f666a78674f6c6b2f6c583548702b583139687a306e4a2f4b76795058387638414c376e6c72672f7875336f6463575258566f30594e6d5634384351684f7364597231613761744d6a4f435371716a48542f53346c54723464544138654774427379666b7679504d666c35542f4148775a50795835486c2f4c7a2f76777241653337524d416b77514e464a315044303130312f366976536474327a694e5178436b72477168317942614e4f452f45387144646b2f6c5835486d66792b6e756557724e2f4b7679505438763833734f656d4d3974327356595a454d5142436b6d575657482f3770373134587436305967747659776354454d435a364159744d3876535132355035562b52354838764f50632f723679667972386a7a2f6c35567a396e376673334752554a4a66376450394d4535656e44333961366f6f4b633338712f4938682b583139687a306e4a2f4b767950583876387675655774314b436e4a2f4b7679505438767237446e704754386c2b52356679382f37384b767051555a5035562b52356e387670376e6c724f622b56666b656e356635765963394c71554647622b56666b65522f4c366535356170666b7679505038416c35663334316653677a6435643869663878762f414936567070514b5570514b35397274617930786355616b53323647676853564c514857536f7957524a484f746c3236716773784141346b6d4150556e68584562366332653671486564466e753475536f567269584d566a51726c62512b50434f464272753970374e63425133726251564248654c784f38757338644a303130724264325873344b484b374f51724975517762463350636f43524d544a54586d65745333306473785841687950353231336c654f676c4c65676744753141675344372f325a325663355837776863467a42466d3839355a6e774433486e6f596f4b6468485a797061564773784347314c37304c6179566a6b63682b4743535478484775685a756250617454623773576c4b4463686c55376754375a694233666f495043734e6e364c325655434258785651697937474643464931343853645a31727057646774577259743845425445457741564b344152456279715938536143707232796e4c495776454e4b722f7066575a48414e422f554878717531744779506d4d6259785973775a4647755a54505561373069656672586f396a624d733769726c43364d562b3573516f31385a4378316976567a737177444a45466d426e7647424a4c354251637547526b44684e424e7a61396e79467368446b736a6442557276367a45527063397a7a316a2b493255434a74414d41434e335544525152347877412f537453396d326770554c6f5546754a5032435955613644655043714e6c374573322f745350746a5536424370556379415542316e783844464242326a5a67654e7154486775706a534f664439756c58624e73317031563152534374737075384655453234422b324d6d6949695456646e734f776e327048322b4c6636596a783643746d7a3267696856344b414271546f4241314f706f50467659376169416967544d4251424d7a50446a6f4e65676f6d78577877746f4f482b6b6541676548674e4b30306f4d747659305579716765676744556e51634278343170716155436c4b55436c4b55436c4b55436c4b55436c4b55436c556432336e50734f58702f63564f4465592b77352b6e3655465061757769395a613053564441435278454548543272352f7444364d79756837563537593367566c6a75334879756d5a336d5947364154714464597951417466533932336e50734f6e546f66656e6474357a37447230366a326f506c6b2b676b4334692f636941434a49446667327257754c41794f375a7751644875452b7568666f79336a6442646d3736303174697971534177545554315174484e7643766f7347387839687a3950376d6f3774764f665a6558702b7442386f6e304f785a6d652b776e4b416b377177365737516b2f35616f79694e4a4b6b365470334e6d374656624863466a6a4b4751494f3568456b7a503244552b476e6858513774764f665964656e7037553774764f6659644f6e512b3942796d2b6d72576b46674141414146675933526445417248455277344530325436627457385343784b746c4c596b6e66447753566d4151514f556e3172716432336e5073764c302f754b6e452b592b77352b6e365546314b6f3774764f6659644f6e512b394f37627a6e32485870314874515830716e42764d66596378303966656f3774764f665a6558702b74426653716537627a6e3248587036653152336265632b7736644f683936432b6c556432336e50734f58702f63564f4a387839687a3950306f4c715652336265632b7736644f6839366432336e50734f7654715061677670564f4465592b77356a70362b3952336265632b793876543961432b6c55344e356a37446d656e703756486474357a374470303648336f4c365652336265632b79386a303950617077627a48324850302f53677570575875482f33702b4b6639716d677548477070536f494e42536c554b6c61556f4a7161556f464b556f464b556f464b556f464b556f464b556f464b556f464b556f464b556f464b556f464b556f502f396b3d, 24);
INSERT INTO `paymentproofs` (`orderid`, `Type`, `proofdocument`, `docid`) VALUES
('41', 'advanced', 0x6956424f5277304b47676f414141414e5355684555674141414c67414141455343414d414141423548652f4a414141424e56424d5645582f2f2f2f722b75582f63554d41414144712b75507a2b2b2f342f66582f2f2f33722b75622f2f762f33392f6631396658362b767261327472742b756a507a382f773850447036656c4e702b7954782b7a782b50766a342b505430394f45762b7a4a79636c436f656479742b7272362b753575626d4d77756a483476534f6a6f37593973324d6b357941694a425471657838664877517851433275384366704b762b6154612f334f2f41774d436b704b5269596d4b596d4a6861576c707664344773734c5a505430394151454274625731485230636a49794d324e6a5a70636e3277744c6c35674971546d61466472656652352f5067372f635345684b49694968316458584637626953336e39743131534c336e626a2b7474645a6e503863306a37784c4c37666c6637725a66377a722f2b38757a386c48657030657978317534724b7976623974412f7952577a3636526f3145794331326c4e7a797537374b3274365a75673559357231314634324638764f31464e576d745458576b524b554e4354563338333958376a476a3873707a3667312f366e345439357431717a64317541414156736b6c45515652346e4f316469312f5453744d65544856707374736b6859526751456967435a5a4c6f6f68706f716834704e3777686837786645643855592f2b2f332f434f374e706f5958696856506138723135667042734e70766d795751794f3373484b464367514948686f317a754f6a67384c4f6334466c7667462f48794b6d4671396a706a44412f5a784f7a734a4558507a6c365835362f507a72366b6f78596d325746774175376d675a6658474c4242383259543159557159666f4f3859584e366572304b397a666e61347563475444376c536e37384a5574595870545462644474364261395074344f616765514e4d564b74585a32656e46686171643567387841444649316436674f7654316174307348424876706d726b32783659534550547347315042716650482f7151524f2f6872764a4f39587164524c77516e5668656850662f43617951653235756f4143522b4b307a5447394d4e304f587174575a2f4e7270363850673769383661747164554a71434561384a4a31467374666f4741582b412b4a5474482b4a6c77794a4f4750584a584655454a546641764a6d4b504b72634c5571785839496e5055697a6f5a462f426f5a6c4b743038306e55583552667a684966346d565643707943563663496b3053384b6f4d544c43664f324f536468614d584d6b446943314d5445784d6f35756f6b366373724d697853415461727562354c3469335473306e4546334a4c5173546c6834717070675a754471466c4468656d713365426f64676e47614141705a475978564e5430727050355539485a7079495438784f6b426d58784b746b4569645137766a48426b6c2f496a647055792b52302b6230777031723136394e356438723230534a623761495439396c6b6867526e32593570446d63785a64563357546c675764424c617443416b5074586c695952676d5370694d343673386b354d54525a68346a6a7447594163314b6533535650755a583131384e56754b354f535265614d536e435331546e684d4836445348724d7571794b2b424c64425a6676336c79377544744f61487849464a6f383142326d58555943532b634569382b764b617843546747386d44643176455a65374b4e6a636e4a6a5a66445642686a69534f4836504d355348504e57574f65456763763244354d6a624a484d7051377175517850464e545639446957396548364445326578304b37746d6b30696d35584c636d636150455358656a706a4b7155354c4a36734e496a34744d794470304e78396465306c4879447879636e4a3175303442746c6835435471664474434875646778384e306d72554f426d6c5a47427a6437536841316f4e316e477362364d37556554442f5a2b322f4167554b464368516f4543424167554b4643685159416751467167506246447177795943344270646837625a4b7848584c5844586c7547476f737942386872754c66666e356e564655525a2f6e494a454e49504a3768382f632b7442312b46475430715763684e767371347271714d593935535a39522f66375a63786f316843575158583063446d494679684f71726d34416c68347a3933564c36325a6c41793453677a6f446b594e68775677485134574b356c67696e77596f35707a5a733969584e464d5a655674526b46512b4c576f724b2b30692f69414463573638714b59696e4c726d4972392b3764653633636741664b7870716d624e79375a392b374e354d6e55325a51656f71776c64754b57636351767a4733756745333533514d6138764b6136573345696933562b2f66756f33695276566558317a474639416e34676a4c6d4b6b72396457316d6465674345752b56475735726767386f52694c4431724a566d44396c726978694f393631643559744a575a6c546c446352586a35727134743478366372733338593337477a645855537a34585472336238474730692f697467425966613254505048755246787a3844364c63367553755073674a323764584953316d334e7a396255355545465a6d5a73544b2f666835676f2b36397263716f3676355254694b2f63666f41694d5255573544637372494f4a2b456166742b71305a314f4362697374627847466a5a5762465543785863526333624a6c4d5636775a4a5635306c705547696d344454362f64683258556a376c374d79766d2b75336c5531526c38595a393031687877586236773767464957324668764a315950555738455854574f515971643166642f6969717930613767505563527554726335416658314f686556316a4668655834626c4754415733547a4d37362b75366a3376594768394a6477444a50514c69666f4635543049614b59316241712f423873434d626543706b745262673262792b38415465483975724a613135515a54656d7663546c587149706a3338644d77654962712b5a46496736336c4656566f7878365256456539504f48575839772b67325730623068592f7467725a2b307a372b74624c474f447462744238757271333179564354596c637439773558654d6c684668314a647537302b5a2f57782b484e6c664c7a5550315375394c794a714b763959397a69505659716a6655507066464274585657536d506a6653512b58726f386f4f626c796c672f4259366f4449513273456f2f355a30542f31457634667639386c585965432f69343533715536466a334f4b3747532f6876347a44464f4d5655756b4b6e6537386b644d6b627432593661666e334a7634574b577954517a484d54412f583671554b6d4e763572654a37646a3266476d73386d5a2b62427733382f674138322f656248653974564f4947776f566b47346f712b644376464b52624d644c57332f757a73746736564774747274564b66324e7537635670507577746c57702f4648624c76315a71395865625a6477572f7437752f4a7a69514d57394d794e78543756716e5152483638382b6a4f2f4e374b7453654b5676647166573776764b3239707437754e703972455039542b336e70592b3375733976377477397237306938515831794475567333376f6d2b453064316662644c4d6939563975596653654a6a593439716279342f724c3135573374373556306e38644a6674512b584b78382b6c4772764c6d4f4376534e744f5a5834386d745958563954334c3454722b7a74766439397531636954623763496f366374713438716d325633752b2b712f324637496a344f456e387a5737743364765335564c7466575673712f6177386e4f4a792f6f452f58562f6548644a664a663074556236696b715471387234664733334431536262534a4f374b54454c795078793973506432753738796a78536d5772397567584a47373274556a627165507a382b393330564b4d48784a486731665a2b765068753172705957332b79702b312b55714c2b502f56747266324b6d4e76612b2f476b506a6c44375550767944782f754b346a714f314873382f543379432b53323030435838506c46623973622f787167782f4577666c655a336430742f31505a4b382f68566f6d585a3271323947535a785a503758777a785549754b56306d36744e4c5a5871373366526d576f3764622b494c7465656f63682f44446e64326e2f646b7971313936766d4d4e7a497a364f3265446c646e6a727232323068522f474b2f4d5039386979762f6e723456354a4b6e4a70372b46667044506262326c662b7644687739767479712b59777a3454503856586b566d527a4d356c43494f5656737278566f6a326c6678457065764b3452492f4f775a47764d2b38423055634c76665a48636543784744414b76316b506c36717341454e326d4e58304d2f7547385971672b77577a4b373044305733344149464368516f554b4241675149464376772f6847465236787231514754673641426149467433654e32686a5142774b63494d386c706c43394e5a676577594b67494e514b397a757078323875724249557844497647526571576d546878445a5074555a5a2f6f6351694a6e64574e535067434e776e317350543358634444424f6b486d576843317442545449793742507836324b642b6362384562684a7833795069545944494373484e4d42726c6e576f2b556a557463494a3648656f42786b4a6d55734133596773542b4270654659476e31656c61756e71417841475a516d686d70416b4a2f6d6b52424a34386b516e5441774d46576b374c67514e4f513059693157627141553031593247366f426d4153716f5751394d776d774d6d4c684b52426933696f487578664f4f4e474969346a344b31674967486b72674c445163792b69364d5348625869456a4a4253597a76555936554f495a754c6f65425742416b3174494144774c773358536f43593449586a5571646744547a5a576f557246446f6131736f614d4958565a556a62415375557a4e494a42456a656c4373534746714c4d5049322b5064417953443350783341474a6f5a4343487769785441646c454d4d4e367a4139337a62385042354d683569596c507a423872374f4e6f44786745362b2b32555438534d446b35776b6d53706d314f727278507253455737736f78766a596f2f4e6c372b7432446172536254632b384332326659717571415a6746615747364231766565504f63476f594544777441314733524e567938516352574a323562446856616e6352455842725a7032647778484b357a527a4d766b4b6f59466d6262726d75417956574c6e786678396978336879616c3639776f34335232664b535a5a7761366861376c42416a307251363749614c3762673353712f31646f4b75566b43396f6955394351465458457736474946636566637077684476447035796a55366a48306e6d333052467a544243344d364563675a6b4e6d393570594668553643416531456d72517939435a7a662b524849664e7348546b58595370374b4671376c4f5a6c4b3549686c7743656a3345464870446a4a64457463536c536575564a556d567850512f4748544f78326f4645596d4857387133316d654c46357747584c42487170442f6d4d593367394f6a713741555a4f4630636f356a2b55326d4a466150516665466968516f4543424167554b464368513448384d7832756d574663734f78457a4d6d437949417932724b494b425a537038517159703048677839526778344837666d72777a42645971764f4d6e2f786562776a567476552b5633553663514951784654744941367761462f66747744696663337949624f74734d6d7836497a6e734d6a3843534a444f317631684e44776c78336535327177714c314a417763304c3752517a70376d425049317042797378484f67455667703156636b5a3770465472796670416e456d65714151724f75673865527541382b727838533177524c5453764e516b6e38544a4e6f6e7974783479424d5536635a4a6c3651684d314d6277442b455847545136436e444e4c7976354734304132317a367043584e5145474f654e674847574364796b707070596b536d627732336653745377595463684334497a563371657733546e2b42595a6c7831525a4c574a6f4c5a496d38744f4c417a304d76566563616d2f436c6f465a35526d305742644e542b48626254796e335561394149464368516f554b424167514946437679506f74336236735278377a4a44766e3770534a5169474b676150777a535473733379453465637337774835696d61576f37626953596932626d783167416a6d582f47594f6e6d6339783434464647346854432f545544395173437a2b426b574c684f45674f3578496135684e516a56756b36586f49576770575a747251634f6f42684d497849464b704b784f56374b6e6b623857514769687a4f7a7a736d326b4e736463484575644e6c585a57527233313155594b73513142674551394348302f4179634c41785275796d452f693144614d5246336459523855634d693376526f544d6f686353343869346a5851524d522b43623452686a6f6e757a6e62305430576e4c69686f30513368434a682b3264564255686145524b674f51434454777a744d417a45716b74766b74315262784e58474b59716f4a617a484c693447574a717956687050456f53304851526b7677437731384c7753542b72733166464b5663435436482f5032576e7a51736f5379786c7672326e43316e55347477376e556e76554a357a356243546336612f5535584a6765557259514d693877387130363043467a2f775a356a3333624567375862644d30644e4274797a786273387841495454514e6364796148794873496d34593136496276736b63645150315243473445536347396f6f31566966436b75334d624f3254644135356d497571727177335975674b763148767562793854366452366337513650686c794f597175556a7549693932695a35354b504c494962514d796358587136694f687066314b664d53376b5252766a78704634446849664f642b796c67766b5a2b62505741666e6a5073525a32425275466946317a782b4a77577255497a2b775443534f5042505168556478726d666b67326e544a67324a384b694e447a305a45313276654551734152495036336c50643351474461534d4554453676537a414a776b7432615a4a6731476431754462794574486f762f3476756654454e55753472356f4e4d675874394564702f484a6e7030584b59416c386b6d5441633343396b4f30426b346e4e467163364c7635794f7649314e487244547876503452514c6a64454c6a7a4c4230696372556d387a2f6955577a686b4a4349716b356b2b2b65697077364b514770587866503154694d35344a484d4b6645777247574c5237524348746b3061436a58664d4e444b6347514f75576167517971506d487159724543424167554b464368516f4543424168634a584e645058515845474f554b4c617141413874325664753262497671625730364e677868613771756a5735314f5a56634e52736351324451345472556365756f6a6d6d7177767946685531306569757447592f794b55684f564c355a736a4273304d4b37744567764139656c68586c42344948704f47657344394c6c36723134662f796e696b2f6161727272577534764554662f45335964643079666b74626c735a6b654548456a306850566a4f796d526c5647574c70587739424a4e4e78455a317577527455466b6855434a64346d377543785a534a78342b6571456b59485944537a4a4968387a72316d41377736664e4b6972426e6f422f746d596c4c7244465768554b4f6e5537646a6d6c644e456b39357049466c786a616f5a3533436763504a526a44657466734244737850757648527a6a365a2b30376d6d77636962634248597a3932446e6a5367454371675352755a784132495047707856415331367a497332537a34646c363750383732423952314e704843434a496e4b514f61534d4e694c6874484c436f5862556d6955507365627044446678532b704161484e795547714348517479507775796a4a596b336e537931446f547632522b4e41397634794b4c77534f49716c33735564616a4c796532304242494e516f64617a734f66334f5163774a756f7356476a57613537344476676f585a59535a5a6f6b544153726a666c694169416a454d64725a575061554e667367783831424c4c77344d6748567046316d6c7443683344776c69765a4f566a4b51654d6a746e6f6f4974734f395269666a684541726f547374467054536c516f4d4146516d35614c7144357544696a78476a4f6158524b624931614e45584c62323177316d484d3254476a50686f7766524437594b525952496d6b543056495478515a374434755839776e5242436d68684e59515877514f4a35503352477a684765655876633948707571443355624378654a61666e2b534d322b35786d2b714965576f4c47393952683877784f516348533641765447376342757168374e517837676158555962753270434f4b5130577a485244787749485052742f5770703251596567337568627163504e734a55505259696873323277363442774a386e3770534e6b6e484d31644b6e4870505174414133775030674a6d63787074726f79527868754b6c66676169675155325859665931667a4d34316b5a596a3945626445684a46646469797a55385a477141756e77572b47596f39745646544236594564646c2f495a706c6c336655753349312b6751494543763451544a714f374f6d4230586652657663525931346d655653374468746e4461555866334b496163654651705a794c6a71463931683772683935387a37564d792f4c746e744b2f72724e5130415069654b55676f2b6d764863394f6f4248714566356f4d3053506f484857615570326e6e333776434e2f743966396532625066706736486e574139454f49777a51477a307671364130476f506f2b756c526558666439773072525077777950347a54414e416e6f66532b342b4c6c68696d4c465845636e6e3071486f42765330744c6a3739387a636d66354c337a3476477a3436656133473243486873322b47376f514a4d425479444449394f7a61486b61432b706c4a375238694f31474142453668684278303064664d585a41524f6a5236676d745a32503969366c34414c3473585549672b5264507672654c347831432f72703061656d666e57363579776d56526369394f4b48785364535446676d7236486d6a39426f32656f5a786d4d56494b3941624e6d435249544b61575259484e74524a372f4f2b7456716b427a372f46784c2f66456b796c2b5366666e762b7655737a797641457a7934392f647831535a4f3662346f5933656e55444155536a774f676d6d2b66334f354953326d75614a53344a4936784768562b4f466a554b7548454747466d4172426b35385449336a444f324a54433450754c512b724948636b66535a36324c2b6a6b3070504f396a5150744243736f4f78356f646d77774f4f52357756413030627a7a48656f516a7a773434625a414566554259516165457a4f4a49334f754d30706d5a4635314e786e4e6344312f6f302f7676506b793949686479522f365a396e726538562f2f6b2f6b766b2f714f6e734e334f4d6e336a662f54446737504f7a7078336370636f2f623330304f302f7a714d66505436796b635067675a656c796430546c36377a6b39642b734257676e616c65593932644f4f5062353635664858655366506e752b6b7a50505935652b6a6d77757666503832654e75705546545532374c6e4a695058706d4674544a494650777870586e36375076334e764d6e492b6861644f42373138654b334c39386177652f6a6a4a76777664757552383942483669493474795758377a6e372f2b30347637306a39507a767a4c412f7443766a2b37314976367479347576346f424b686d6a764b6d4879697939654e373275387159535a3638304d5a767658745573747249547868796f77326968705939663346433750677358334c33686255486f6e536879614763744d376e30504b4652524c30444e5750756e4855522b56633338504f3179386e784c353036627338462b38486a70394a5a7a7a4d306b424f4679416476676863333764707552475070366e6c36356a415446503059794a6431433161756f356c364c326e2f746c363276775575556a517976545564467242706447676955576c61336a41705767544c3875614e4761476c6f4e55553534776a49377765524b6b487a563075794538434e472f784b6a6d75597831592b55386a3939352f7533786355312f6b536442346a714e737770307a323276325a4959716b6f3849634d5342302b355436704342516d6b4c754c414551305251324237587561645937302b4939596e6a637653733050696a697a2b474569387464776d46576f53534f6d34796132554b735a54735063745041373331646978597979514e6d7771443531545078753249363135462b306c417270674c63506955584f4f394d4e4467785a786b565053636f6f3361456f4b6b5959684430484e354541726a78596744577a553851444956666361384b4e31564d36474a792b6566657632462b6d5466506f43437872507637333475764f62426f466867576b6770767a7a3071586a6b6b59666661656a6b763733614c6a6867484b673531317531744c6a4c30656c6f6c5970344c65484d7736474f525932633178362b75585a382b2b6a4d486278562f4835796465765435352f6232764869425a2b666f794c79486d592b432f78554b77587a6d7255664141414141424a52553545726b4a6767673d3d, 25);

-- --------------------------------------------------------

--
-- Table structure for table `productitem`
--

CREATE TABLE `productitem` (
  `itemid` int(11) NOT NULL,
  `retailprice` int(11) NOT NULL,
  `cost` int(11) NOT NULL,
  `itemdescription` varchar(255) NOT NULL,
  `itemname` varchar(45) NOT NULL,
  `unit` varchar(5) NOT NULL,
  `category` varchar(45) NOT NULL,
  `Itemcode` varchar(45) NOT NULL,
  `imagelink` varchar(20) NOT NULL,
  `availability` tinyint(1) NOT NULL DEFAULT 1,
  `ipc` int(5) NOT NULL
) ENGINE=InnoDB DEFAULT CHARSET=utf8mb4 COLLATE=utf8mb4_general_ci;

--
-- Dumping data for table `productitem`
--

INSERT INTO `productitem` (`itemid`, `retailprice`, `cost`, `itemdescription`, `itemname`, `unit`, `category`, `Itemcode`, `imagelink`, `availability`, `ipc`) VALUES
(53, 150, 100, 'Normal bread 450g', 'Bread(Normal)', '', 'Bread', 'BR00001', 'BR00001.jpeg', 1, 5),
(54, 200, 160, 'Sliced sandwich Bread', 'Sandwich Bread', '', 'Bread', 'BR00054', 'BR00054.jpeg', 1, 5),
(55, 130, 100, '350g normal bread', 'Bread(Thin)', '', 'Bread', 'BR00055', 'BR00055.jpeg', 1, 2),
(56, 120, 90, 'Fish Pastrie', 'Fish Pastrie', '', 'Pastries', 'PA00056', 'PA00056.jpeg', 1, 5),
(57, 150, 100, 'Pastries Chicken', 'Chicken Pastries', '', 'Pastries', 'PA00057', 'PA00057.jpeg', 1, 5),
(58, 100, 80, 'Vegitable Pastries', 'Vegi Pastries', '', 'Pastries', 'PA00058', 'PA00058.jpeg', 1, 5),
(59, 1600, 1100, 'chocolate cake 1Kg', 'Chocolate cake (1Kg)', '', 'Cakes', 'CK00059', 'CK00059.jpeg', 1, 1),
(60, 2200, 1500, 'chocolate icing cake', 'Chocolate icing cake', '', 'Cakes', 'CK00060', 'CK00060.jpeg', 1, 1),
(61, 1200, 900, 'Butter cake (1kg)', 'Butter cake (1kg)', '', 'Cakes', 'CK00061', 'CK00061.jpg', 1, 1),
(62, 2200, 1600, 'Coffee Icing Cake', 'Coffee Icing Cake', '', 'Cakes', 'CK00062', 'CK00062.jpeg', 1, 1),
(63, 1800, 1200, 'Fruit Cake (1Kg)', 'Fruit Cake (1Kg)', '', 'Cakes', 'CK00063', 'CK00063.jpeg', 1, 1),
(64, 3000, 2200, 'Cheese Cake', 'Cheese Cake', '', 'Cakes', 'CK00064', 'CK00064.jpeg', 1, 1),
(65, 150, 100, 'Chocolate doughnut', 'Chocolate doughnut', '', 'Doughnuts', 'DN00065', 'DN00065.jpeg', 1, 5),
(66, 170, 100, 'Cofee doughnut', 'Cofee doughnut', '', 'Doughnuts', 'DN00066', 'DN00066.jpeg', 1, 5),
(67, 200, 120, 'doughnut', 'Glazed doughnut', '', 'Doughnuts', 'DN00067', 'DN00067.jpeg', 1, 5),
(68, 200, 120, 'Chocolate muffins', 'Chocolate muffins', '', 'Muffins', 'MU00068', 'MU00068.jpeg', 1, 5),
(69, 210, 140, 'Banana muffins', 'Banana muffins', '', 'Muffins', 'MU00069', 'MU00069.jpeg', 1, 5),
(70, 220, 150, 'Blueberry muffins', 'Blueberry muffins', '', 'Muffins', 'MU00070', 'MU00070.jpeg', 1, 5),
(71, 120, 80, 'Fish Bun', 'Fish Bun', '', 'Buns', 'BN00071', 'BN00071.jpeg', 1, 5),
(72, 130, 100, 'Chicken Bun', 'Chicken Bun', '', 'Buns', 'BR00072', 'BR00072.jpeg', 1, 5),
(73, 130, 90, 'Sausage Bun', 'Sausage Bun', '', 'Buns', 'BN00073', 'BN00073.jpeg', 1, 5),
(74, 80, 50, 'Jam Bun', 'Jam Bun', '', 'Buns', 'BN00074', 'BN00074.jpeg', 1, 5),
(75, 1100, 800, 'Chicken Pizza', 'Chicken Pizza', '', 'Pizza', 'PZ00075', 'PZ00075.jpeg', 1, 5),
(76, 1500, 1200, 'Cheese Pizza', 'Cheese Pizza', '', 'Pizza', 'PZ00076', 'PZ00076.jpeg', 1, 5),
(77, 1700, 1500, 'Roast Chicken Pizza', 'Roast Chicken Pizza', '', 'Pizza', 'PZ00077', 'PZ00077.jpeg', 1, 5);

-- --------------------------------------------------------

--
-- Table structure for table `productorder`
--

CREATE TABLE `productorder` (
  `orderid` int(11) NOT NULL,
  `placeby` varchar(20) NOT NULL,
  `orderdate` date NOT NULL,
  `paymentstatus` varchar(20) NOT NULL,
  `deliverystatus` varchar(20) NOT NULL DEFAULT '0',
  `orderstatus` varchar(20) NOT NULL,
  `total` int(11) NOT NULL,
  `deliver_charges` int(10) NOT NULL DEFAULT 0,
  `deliverby` varchar(20) NOT NULL,
  `deliver_address` varchar(120) NOT NULL,
  `deliver_city` varchar(45) NOT NULL,
  `unique_id` varchar(20) NOT NULL,
  `pickername` varchar(45) NOT NULL,
  `orderref` varchar(20) NOT NULL,
  `paid_amount` int(20) NOT NULL,
  `order_type` varchar(15) NOT NULL
) ENGINE=InnoDB DEFAULT CHARSET=utf8mb4 COLLATE=utf8mb4_general_ci;

--
-- Dumping data for table `productorder`
--

INSERT INTO `productorder` (`orderid`, `placeby`, `orderdate`, `paymentstatus`, `deliverystatus`, `orderstatus`, `total`, `deliver_charges`, `deliverby`, `deliver_address`, `deliver_city`, `unique_id`, `pickername`, `orderref`, `paid_amount`, `order_type`) VALUES
(41, 'RC00125', '2024-02-24', 'advanced', 'delivery', 'finished', 35270, 0, 'LC-6464', 'Jaffna', '', '65da0e99ec2eb', 'picker1', 'CD0000001', 2000, ''),
(46, 'RC00125', '2024-04-05', 'paid', 'outletdelivery', 'finished', 1880, 0, 'CAR-33434', 'DH00005', '', '65e5f7814b790', 'OM00122', 'OP0000042', 0, ''),
(47, 'OM00122', '2024-04-05', 'paid', 'outletdelivery', 'pending', 5000, 0, '', 'DH00005', '', '65e5fa1643f13', 'OM00122', 'OP0000047', 0, ''),
(48, 'RC00125', '2024-04-06', 'pending', 'pickup', 'pending', 3170, 0, '', '', '', '65f5a6cf3644a', 'picker1', 'CP0000048', 0, ''),
(49, 'RC00125', '2024-04-07', 'pending', 'delivery', 'cancelled', 13450, 0, '', 'Jaffna', '', '6610a6462c905', 'amalpicker', 'CD0000049', 0, ''),
(50, 'Kasun', '2024-04-18', 'paid', 'delivery', 'pending', 5650, 0, '', 'Jaffna', '', '6613a0a60eea9', 'picker1', 'CD0000050', 0, ''),
(51, 'Kasun', '2024-04-11', 'pending', 'pickup', 'pending', 5300, 0, '', '', '', '66163949c2b1a', 'picker1', 'CP0000051', 0, ''),
(57, 'OM00122', '2024-04-16', 'paid', 'outletdelivery', 'pending', 26000, 0, '', 'DH00005', '', '661e3d89c160b', 'OM00122', 'OP0000057', 0, 'constant'),
(60, 'OM00122', '2024-04-17', 'paid', 'outletdelivery', 'pending', 26000, 0, '', 'DH00005', '', '661e3d89c160b', 'OM00122', 'OP0000057', 0, 'constant'),
(61, 'Kasun', '2024-04-18', 'paid', 'delivery', 'pending', 1730, 0, '', 'wdfwdfwf', '', '661e3f8e35288', 'picker1', 'CD0000061', 0, ''),
(63, 'Kasun', '2024-04-17', 'paid', 'delivery', 'pending', 6500, 0, '', 'ehiwala 2', '', '661eae1dc44e6', 'picker1', 'CD0000062', 0, ''),
(66, 'Kasun', '2024-04-21', 'pending', 'delivery', 'pending', 1180, 0, '', 'colombo', '', '6623989e4c7c8', 'picker1', 'CD0000066', 0, ''),
(70, 'Kasun', '2024-04-21', 'paid', 'pickup', 'pending', 1820, 0, '', '', '', '6623e2f65376c', 'picker2', 'CP0000067', 1820, ''),
(71, 'Kasun', '2024-04-21', 'pending', 'delivery', 'processing', 1550, 0, '', 'colombo', '', '6623e3c465e73', 'ruwanpicker', 'CD0000071', 0, ''),
(72, 'Kasun', '2024-04-22', 'paid', 'delivery', 'finished', 900, 0, '', 'Gampaha', 'Dehiwala', '66246e0b91728', 'Kasun', 'CD0000072', 900, ''),
(73, 'Kasun', '2024-04-22', 'paid', 'delivery', 'pending', 1420, 100, '', 'Gampaha', 'Dehiwala', '66246f2b6fbf9', 'Kasun', 'CD0000073', 1420, ''),
(77, 'OM00122', '2024-04-21', 'paid', 'outletpickup', 'pending', 26000, 0, '', 'DH00005', '', '661e3d89c160b', 'OM00122', 'OP0000057', 0, 'constant'),
(78, 'OM00122', '2024-04-21', 'paid', 'outletpickup', 'pending', 6970, 0, '', 'DH00005', '', '66248adf858e6', 'OM00122', 'OP0000078', 6970, 'dynamic'),
(82, 'Kasun', '2024-04-21', 'paid', 'pickup', 'pending', 1750, 0, '', 'colombo', '', '662500a2e52ca', 'picker 1', 'RP0000080', 1750, ''),
(83, 'Kasun', '2024-04-21', 'paid', 'pickup', 'pending', 750, 0, '', 'colombo', '', '662500e8cbcb1', 'picker 1', 'RP0000083', 750, ''),
(84, 'Kasun', '2024-04-23', 'pending', 'pickup', 'pending', 750, 0, '', 'colombo', '', '6627102eed6f2', 'picker 1', 'RP0000084', 750, ''),
(85, 'GC00002', '2024-04-23', 'pending', 'pickup', 'pending', 600, 0, '', 'F 109', '', '6627170fdde05', 'picker 1', 'RP0000085', 600, ''),
(86, 'OM00122', '2024-04-23', 'paid', 'outletpickup', 'pending', 26000, 0, 'OP0000086', 'DH00005', '', '661e3d89c160b', 'OM00122', 'OP0000057', 0, 'constant'),
(87, 'OM00122', '2024-04-24', 'paid', 'outletpickup', 'pending', 26000, 0, 'OP0000087', 'DH00005', '', '661e3d89c160b', 'OM00122', 'OP0000057', 0, 'constant');

-- --------------------------------------------------------

--
-- Table structure for table `productorderline`
--

CREATE TABLE `productorderline` (
  `shoppingid` int(11) NOT NULL,
  `quantity` int(11) NOT NULL,
  `unit` varchar(5) NOT NULL,
  `itemid` int(20) NOT NULL,
  `totalprice` int(20) NOT NULL,
  `unique_id` varchar(20) NOT NULL,
  `price` int(20) NOT NULL,
  `Itemcode` varchar(20) NOT NULL
) ENGINE=InnoDB DEFAULT CHARSET=utf8mb4 COLLATE=utf8mb4_general_ci;

--
-- Dumping data for table `productorderline`
--

INSERT INTO `productorderline` (`shoppingid`, `quantity`, `unit`, `itemid`, `totalprice`, `unique_id`, `price`, `Itemcode`) VALUES
(78, 7, '', 60, 15400, '65da0e99ec2eb', 2200, 'CK00060'),
(79, 5, '', 61, 6000, '65da0e99ec2eb', 1200, 'CK00061'),
(80, 6, '', 67, 1200, '65da0e99ec2eb', 200, 'DN00067'),
(81, 7, '', 77, 11900, '65da0e99ec2eb', 1700, 'PZ00077'),
(82, 4, '', 72, 520, '65da0e99ec2eb', 130, 'BR00072'),
(83, 5, '', 60, 11000, '65e5f09a68409', 2200, 'CK00060'),
(84, 5, '', 57, 750, '65e5f09a68409', 150, 'PA00057'),
(85, 11, '', 76, 16500, '65e5f09a68409', 1500, 'PZ00076'),
(86, 4, '', 60, 8800, '65e5f6228cc89', 2200, 'CK00060'),
(87, 4, '', 61, 4800, '65e5f6228cc89', 1200, 'CK00061'),
(88, 6, '', 59, 9600, '65e5f6d429aa5', 1600, 'CK00059'),
(89, 5, '', 66, 850, '65e5f6d429aa5', 170, 'DN00066'),
(90, 2, '', 67, 400, '65e5f6d429aa5', 200, 'DN00067'),
(91, 4, '', 56, 480, '65e5f74af41a5', 120, 'PA00056'),
(92, 5, '', 53, 750, '65e5f74af41a5', 150, 'BR00001'),
(93, 5, '', 54, 1000, '65e5f74af41a5', 200, 'BR00054'),
(94, 4, '', 56, 480, '65e5f7814b790', 120, 'PA00056'),
(95, 4, '', 53, 600, '65e5f7814b790', 150, 'BR00001'),
(96, 4, '', 54, 800, '65e5f7814b790', 200, 'BR00054'),
(97, 1, '', 59, 1600, '65e5fa1643f13', 1600, 'CK00059'),
(98, 1, '', 60, 2200, '65e5fa1643f13', 2200, 'CK00060'),
(99, 1, '', 61, 1200, '65e5fa1643f13', 1200, 'CK00061'),
(100, 6, '', 56, 720, '65f5a6cf3644a', 120, 'PA00056'),
(101, 1, '', 53, 150, '65f5a6cf3644a', 150, 'BR00001'),
(102, 4, '', 57, 600, '65f5a6cf3644a', 150, 'PA00057'),
(103, 1, '', 59, 1600, '65f5a6cf3644a', 1600, 'CK00059'),
(104, 6, '', 60, 13200, '6610a6462c905', 2200, 'CK00060'),
(105, 3, '', 59, 4800, '6613a0a60eea9', 1600, 'CK00059'),
(106, 5, '', 65, 750, '6613a0a60eea9', 150, 'DN00065'),
(107, 4, '', 67, 800, '66163949c2b1a', 200, 'DN00067'),
(108, 2, '', 60, 4400, '66163949c2b1a', 2200, 'CK00060'),
(109, 12, '', 56, 1440, '661d538bde24c', 120, 'PA00056'),
(110, 14, '', 57, 2100, '661d538bde24c', 150, 'PA00057'),
(111, 15, '', 58, 1500, '661d538bde24c', 100, 'PA00058'),
(112, 14, '', 53, 2100, '661d538bde24c', 150, 'BR00001'),
(113, 17, '', 54, 3400, '661d538bde24c', 200, 'BR00054'),
(114, 20, '', 55, 2600, '661d538bde24c', 130, 'BR00055'),
(115, 4, '', 53, 600, '661e3d89c160b', 150, 'BR00001'),
(116, 5, '', 60, 11000, '661e3d89c160b', 2200, 'CK00060'),
(117, 12, '', 61, 14400, '661e3d89c160b', 1200, 'CK00061'),
(118, 4, '', 56, 480, '661e3f8e35288', 120, 'PA00056'),
(119, 5, '', 57, 750, '661e3f8e35288', 150, 'PA00057'),
(120, 4, '', 58, 400, '661e3f8e35288', 100, 'PA00058'),
(121, 5, '', 53, 750, '661ea36acba6f', 150, 'BR00001'),
(122, 3, '', 65, 450, '661ea36acba6f', 150, 'DN00065'),
(123, 4, '', 59, 6400, '661eae1dc44e6', 1600, 'CK00059'),
(124, 4, '', 65, 600, '6623989e4c7c8', 150, 'DN00065'),
(125, 4, '', 56, 480, '6623989e4c7c8', 120, 'PA00056'),
(126, 5, '', 56, 600, '6623e0cab2f2c', 120, 'PA00056'),
(127, 5, '', 65, 750, '6623e10c6b2e1', 150, 'DN00065'),
(128, 6, '', 66, 1020, '6623e10c6b2e1', 170, 'DN00066'),
(129, 7, '', 67, 1400, '6623e10c6b2e1', 200, 'DN00067'),
(130, 4, '', 68, 800, '6623e2c3438b1', 200, 'MU00068'),
(131, 5, '', 69, 1050, '6623e2c3438b1', 210, 'MU00069'),
(132, 4, '', 69, 840, '6623e2f65376c', 210, 'MU00069'),
(133, 4, '', 70, 880, '6623e2f65376c', 220, 'MU00070'),
(134, 4, '', 65, 600, '6623e3c465e73', 150, 'DN00065'),
(135, 5, '', 66, 850, '6623e3c465e73', 170, 'DN00066'),
(136, 4, '', 65, 600, '66246cc2a9e1f', 150, 'DN00065'),
(137, 4, '', 66, 680, '66246cc2a9e1f', 170, 'DN00066'),
(138, 1, '', 59, 1600, '66246cc2a9e1f', 1600, 'CK00059'),
(139, 4, '', 69, 840, '66246d9323cc6', 210, 'MU00069'),
(140, 4, '', 70, 880, '66246d9323cc6', 220, 'MU00070'),
(141, 4, '', 67, 800, '66246e0b91728', 200, 'DN00067'),
(142, 5, '', 70, 1100, '66246f2b6fbf9', 220, 'MU00070'),
(143, 10, '', 53, 1500, '66246f2b6fbf9', 150, 'BR00001'),
(144, 4, '', 54, 800, '66246f2b6fbf9', 200, 'BR00054'),
(145, 4, '', 55, 520, '66246f2b6fbf9', 130, 'BR00055'),
(146, 8, '', 68, 1600, '66248adf858e6', 200, 'MU00068'),
(147, 13, '', 69, 2730, '66248adf858e6', 210, 'MU00069'),
(148, 12, '', 70, 2640, '66248adf858e6', 220, 'MU00070'),
(149, 5, '', 56, 600, '6624fd1b82ae1', 120, 'PA00056'),
(150, 4, '', 56, 480, '6624fe3db7954', 120, 'PA00056'),
(151, 5, '', 65, 750, '662500a2e52ca', 150, 'DN00065'),
(152, 5, '', 68, 1000, '662500a2e52ca', 200, 'MU00068'),
(153, 5, '', 65, 750, '662500e8cbcb1', 150, 'DN00065'),
(154, 5, '', 57, 750, '6627102eed6f2', 150, 'PA00057'),
(155, 5, '', 56, 600, '6627170fdde05', 120, 'PA00056');

-- --------------------------------------------------------

--
-- Table structure for table `stockitem`
--

CREATE TABLE `stockitem` (
  `ItemID` int(11) NOT NULL,
  `Name` varchar(255) NOT NULL,
  `Type` varchar(255) DEFAULT NULL,
  `UnitOfMeasurement` varchar(50) DEFAULT NULL,
  `MinimumStock` int(11) DEFAULT NULL,
  `CriticalStock` int(11) DEFAULT NULL,
  `AvailableStock` int(11) DEFAULT 0
) ENGINE=InnoDB DEFAULT CHARSET=utf8mb4 COLLATE=utf8mb4_general_ci;

--
-- Dumping data for table `stockitem`
--

INSERT INTO `stockitem` (`ItemID`, `Name`, `Type`, `UnitOfMeasurement`, `MinimumStock`, `CriticalStock`, `AvailableStock`) VALUES
(1, 'Rice Flour', 'Flour', 'Kilograms (kg)', 100, 50, 0),
(2, 'Rice Flour', 'Flour', 'Kilograms (kg)', 100, 50, 0),
(3, 'Citric Acid', 'Acids', 'Liters (l)', 100, 20, 0),
(4, 'Citric Acid', 'Acids', 'Liters (l)', 100, 20, 0),
(5, 'Rice Flour', 'Flour', 'Kilograms (kg)', 100, 50, 0),
(6, 'Rice Flour', 'Flour', 'Kilograms (kg)', 100, 50, 0),
(7, 'Rice Flour', 'Flour', 'Kilograms (kg)', 100, 50, 0),
(8, 'Rice Flour', 'Flour', 'Kilograms (kg)', 100, 50, 0),
(9, 'Rice Flour', 'Flour', 'Kilograms (kg)', 100, 50, 0),
(10, 'Chicken Eggs', 'Eggs', 'Each', 0, 0, 0),
(11, 'Wheat Flour', 'Flour', 'Kilograms (kg)', 100, 50, 0);

-- --------------------------------------------------------

--
-- Table structure for table `stockorder`
--

CREATE TABLE `stockorder` (
  `ID` int(11) NOT NULL,
  `from` varchar(20) NOT NULL,
  `ondate` date NOT NULL
) ENGINE=InnoDB DEFAULT CHARSET=utf8mb4 COLLATE=utf8mb4_general_ci;

-- --------------------------------------------------------

--
-- Table structure for table `stockorderline`
--

CREATE TABLE `stockorderline` (
  `id` int(11) NOT NULL,
  `stockorderid` int(11) NOT NULL,
  `quantity` int(11) NOT NULL
) ENGINE=InnoDB DEFAULT CHARSET=utf8mb4 COLLATE=utf8mb4_general_ci;

-- --------------------------------------------------------

--
-- Table structure for table `stocks`
--

CREATE TABLE `stocks` (
  `id` int(11) NOT NULL,
  `name` varchar(20) NOT NULL,
  `minimum` int(10) NOT NULL,
  `critical` int(10) NOT NULL,
  `available` int(10) NOT NULL,
  `unit` varchar(10) NOT NULL,
  `expierydate` date NOT NULL,
  `supplier` int(20) NOT NULL,
  `itemcode` varchar(20) NOT NULL
) ENGINE=InnoDB DEFAULT CHARSET=utf8mb4 COLLATE=utf8mb4_general_ci;

-- --------------------------------------------------------

--
-- Table structure for table `supplies`
--

CREATE TABLE `supplies` (
  `SupplyID` int(11) NOT NULL,
  `StockItemID` int(11) DEFAULT NULL,
  `DeliveredDate` date DEFAULT NULL,
  `InvoiceNo` varchar(50) DEFAULT NULL,
  `ExpiryDate` date DEFAULT NULL,
  `DeliveredQuantity` int(11) DEFAULT NULL
) ENGINE=InnoDB DEFAULT CHARSET=utf8mb4 COLLATE=utf8mb4_general_ci;

--
-- Dumping data for table `supplies`
--

INSERT INTO `supplies` (`SupplyID`, `StockItemID`, `DeliveredDate`, `InvoiceNo`, `ExpiryDate`, `DeliveredQuantity`) VALUES
(1, 6, '2024-04-22', 'SI238937', '2024-04-30', 20),
(3, 11, '2024-04-23', 'RN7384992', '2024-04-24', 100),
(4, 10, '2024-04-23', 'TH893734', '2024-04-27', 30);

-- --------------------------------------------------------

--
-- Table structure for table `systemuser`
--

CREATE TABLE `systemuser` (
  `Name` varchar(100) NOT NULL,
  `NIC` varchar(11) NOT NULL,
  `Password` varchar(200) NOT NULL,
  `DOB` date NOT NULL,
  `contactNo` int(14) NOT NULL,
  `ActiveState` varchar(15) NOT NULL DEFAULT 'FirstLogin',
  `Address` varchar(100) NOT NULL,
  `UserID` int(11) NOT NULL,
  `Role` varchar(20) NOT NULL,
  `UserName` varchar(10) NOT NULL,
  `Email` varchar(30) NOT NULL,
  `EmployeeNo` varchar(20) NOT NULL
) ENGINE=InnoDB DEFAULT CHARSET=utf8mb4 COLLATE=utf8mb4_general_ci;

--
-- Dumping data for table `systemuser`
--

INSERT INTO `systemuser` (`Name`, `NIC`, `Password`, `DOB`, `contactNo`, `ActiveState`, `Address`, `UserID`, `Role`, `UserName`, `Email`, `EmployeeNo`) VALUES
('admin', '99191166f', '$2y$10$7z8ZLMlcAijJZ6IYfTUX1eaY54NlH3y2V4ZkC3LVYpBOuM59aD/Oe', '2023-11-15', 1231231312, 'Active', 'sdsd sdsd ', 107, 'admin', 'admin', 'admin@gmail.com', ''),
('recieptionist', '20023231121', '$2y$10$pn1VO529RODtvoNBt6MnHOiVrdkwdzhM/NKJUOy6oHi.pqQOp1cQe', '2023-11-29', 756695545, 'Active', 'Colombo', 113, 'receptionist', 'recieption', 'praveen@gmail.com', 'RC00125'),
('storemanager', '123123112', '$2y$10$kDaUfjvsm5J8x9khq0mtr.9695ij4ncTAAMTTYm2.C4BElgE98Iuq', '2014-01-02', 756695545, 'Active', 'Colombo', 114, 'storemanager', 'store', 'mahesh@gmail.com', 'SM00114'),
('outletmanager', '1231231', '$2y$10$pT3amjXqWSuBaL/526XgwOl1Al85gMbKEu4e/ZX2skprnuqvFP9CK', '2023-11-06', 783478374, 'Active', 'Kandy', 117, 'outletmanager', 'outlet', 'nadub@gami.com', 'OM00122'),
('bill', '1231231', '$2y$10$kY.4fdZzrFQAvPj8lQNR7uEeom6wZj76H1aDrMGnzZZ72kFbhvx2m', '2023-12-05', 76795545, 'Active', 'Anuradhapura', 121, 'billingclerk', 'billingcle', 'billing@gmail.com', 'BC00121'),
('production', '123123123', '$2y$10$GMgYDrZS8z95fxigE2olGOTG8PvL8ZjbQ0IwIl.9W0y0DUUAI1koe', '2024-01-09', 2147483647, 'Active', 'Colombo', 123, 'productionmanager', 'production', 'product@gmail.com', 'PM00125'),
('owner', '20023231', '$2y$10$GMgYDrZS8z95fxigE2olGOTG8PvL8ZjbQ0IwIl.9W0y0DUUAI1koe', '2024-02-20', 782567545, 'Active', 'Colombo', 124, 'owner', 'owner', 'anudaattanayake@gmail.com', ''),
('Nadun', '981123435V', '$2y$10$dO93gk/HHiqkE/OOpntpvejEn70AdnWm1hqlqQyWKgoXPHe8Y2qEO', '2004-01-18', 2147483647, 'Active', 'Colombo', 125, 'outletmanager', 'nadun', 'nadun@gmail.com', 'OM00125'),
('Outlet2', '981811667V', '$2y$10$DcON.8gfMAK02gTsgtSUvON0tMCS96MnpN4a.VdzYdm4ijR.N4.Yu', '2003-02-23', 782695545, 'FirstLogin', 'F 109', 138, 'outletmanager', 'Outlet2', 'anudaattanayake@gmail.com', 'OM00126');

--
-- Triggers `systemuser`
--
DELIMITER $$
CREATE TRIGGER `GenerateGenericUserIDBefore` BEFORE INSERT ON `systemuser` FOR EACH ROW BEGIN
  DECLARE role_prefix VARCHAR(2);
  DECLARE next_id INT;
  
  SET role_prefix = SUBSTRING(NEW.Role, 1, 2);
  
  SELECT COALESCE(MAX(SUBSTRING(`UserID`, 3)) + 1, 1) INTO next_id FROM `systemuser` WHERE `Role` = NEW.Role;
  
  SET NEW.UserID = CONCAT(role_prefix, LPAD(next_id, 3, '0'));
END
$$
DELIMITER ;

--
-- Indexes for dumped tables
--

--
-- Indexes for table `customer`
--
ALTER TABLE `customer`
  ADD PRIMARY KEY (`customer_id`);

--
-- Indexes for table `deliverycharges`
--
ALTER TABLE `deliverycharges`
  ADD PRIMARY KEY (`charge_id`);

--
-- Indexes for table `deliveryvehicles`
--
ALTER TABLE `deliveryvehicles`
  ADD PRIMARY KEY (`vehicleno`);

--
-- Indexes for table `inquiries`
--
ALTER TABLE `inquiries`
  ADD PRIMARY KEY (`inquiryid`);

--
-- Indexes for table `outlet`
--
ALTER TABLE `outlet`
  ADD PRIMARY KEY (`OutletId`),
  ADD UNIQUE KEY `Email` (`Email`),
  ADD UNIQUE KEY `Manager` (`Manager`);

--
-- Indexes for table `paymentproofs`
--
ALTER TABLE `paymentproofs`
  ADD PRIMARY KEY (`docid`);

--
-- Indexes for table `productitem`
--
ALTER TABLE `productitem`
  ADD PRIMARY KEY (`itemid`);

--
-- Indexes for table `productorder`
--
ALTER TABLE `productorder`
  ADD PRIMARY KEY (`orderid`);

--
-- Indexes for table `productorderline`
--
ALTER TABLE `productorderline`
  ADD PRIMARY KEY (`shoppingid`);

--
-- Indexes for table `stockitem`
--
ALTER TABLE `stockitem`
  ADD PRIMARY KEY (`ItemID`);

--
-- Indexes for table `stockorder`
--
ALTER TABLE `stockorder`
  ADD PRIMARY KEY (`ID`);

--
-- Indexes for table `stockorderline`
--
ALTER TABLE `stockorderline`
  ADD PRIMARY KEY (`id`);

--
-- Indexes for table `stocks`
--
ALTER TABLE `stocks`
  ADD PRIMARY KEY (`id`);

--
-- Indexes for table `systemuser`
--
ALTER TABLE `systemuser`
  ADD PRIMARY KEY (`UserID`),
  ADD UNIQUE KEY `unique_uname` (`UserName`);

--
-- AUTO_INCREMENT for dumped tables
--

--
-- AUTO_INCREMENT for table `customer`
--
ALTER TABLE `customer`
  MODIFY `customer_id` int(10) NOT NULL AUTO_INCREMENT, AUTO_INCREMENT=3;

--
-- AUTO_INCREMENT for table `deliverycharges`
--
ALTER TABLE `deliverycharges`
  MODIFY `charge_id` int(11) NOT NULL AUTO_INCREMENT, AUTO_INCREMENT=16;

--
-- AUTO_INCREMENT for table `deliveryvehicles`
--
ALTER TABLE `deliveryvehicles`
  MODIFY `vehicleno` int(11) NOT NULL AUTO_INCREMENT, AUTO_INCREMENT=22;

--
-- AUTO_INCREMENT for table `inquiries`
--
ALTER TABLE `inquiries`
  MODIFY `inquiryid` int(10) NOT NULL AUTO_INCREMENT, AUTO_INCREMENT=2;

--
-- AUTO_INCREMENT for table `outlet`
--
ALTER TABLE `outlet`
  MODIFY `OutletId` int(20) NOT NULL AUTO_INCREMENT, AUTO_INCREMENT=8;

--
-- AUTO_INCREMENT for table `paymentproofs`
--
ALTER TABLE `paymentproofs`
  MODIFY `docid` int(11) NOT NULL AUTO_INCREMENT, AUTO_INCREMENT=26;

--
-- AUTO_INCREMENT for table `productitem`
--
ALTER TABLE `productitem`
  MODIFY `itemid` int(11) NOT NULL AUTO_INCREMENT, AUTO_INCREMENT=78;

--
-- AUTO_INCREMENT for table `productorder`
--
ALTER TABLE `productorder`
  MODIFY `orderid` int(11) NOT NULL AUTO_INCREMENT, AUTO_INCREMENT=88;

--
-- AUTO_INCREMENT for table `productorderline`
--
ALTER TABLE `productorderline`
  MODIFY `shoppingid` int(11) NOT NULL AUTO_INCREMENT, AUTO_INCREMENT=156;

--
-- AUTO_INCREMENT for table `stockitem`
--
ALTER TABLE `stockitem`
  MODIFY `ItemID` int(11) NOT NULL AUTO_INCREMENT, AUTO_INCREMENT=12;

--
-- AUTO_INCREMENT for table `stockorderline`
--
ALTER TABLE `stockorderline`
  MODIFY `id` int(11) NOT NULL AUTO_INCREMENT;

--
-- AUTO_INCREMENT for table `stocks`
--
ALTER TABLE `stocks`
  MODIFY `id` int(11) NOT NULL AUTO_INCREMENT;

--
-- AUTO_INCREMENT for table `systemuser`
--
ALTER TABLE `systemuser`
  MODIFY `UserID` int(11) NOT NULL AUTO_INCREMENT, AUTO_INCREMENT=139;
COMMIT;

/*!40101 SET CHARACTER_SET_CLIENT=@OLD_CHARACTER_SET_CLIENT */;
/*!40101 SET CHARACTER_SET_RESULTS=@OLD_CHARACTER_SET_RESULTS */;
/*!40101 SET COLLATION_CONNECTION=@OLD_COLLATION_CONNECTION */;
